longname,glot_fam,Longitude,Latitude
NC.BANTOID.A53_BAFIA_RIKPA,Atlantic-Congo,11.17,5.0
NC.BANTOID.A72a_EWONDO,Atlantic-Congo,12.0,4.0
Sep.UPPER_SEPIK.ABAU,Sepik,141.25,-4.0
Sep.UPPER_SEPIK.ABAU_2,Sepik,141.25,-4.0
Gcu.SOUTH_GUAICURUAN.ABIPON,Guaicuruan,-61.0,-29.0
NWC.NORTHWEST_CAUCASIAN.ABKHAZ,Abkhaz-Adyge,41.0,43.08
TAP.GREATER_ALOR.ABUI,Timor-Alor-Pantar,124.58,-8.25
TAP.GREATER_ALOR.ABUI_ATIMELANG,Timor-Alor-Pantar,124.58,-8.25
TAP.GREATER_ALOR.ABUI_MAKADAI,Timor-Alor-Pantar,124.58,-8.25
TAP.GREATER_ALOR.ABUI_TAKALELANG,Timor-Alor-Pantar,124.58,-8.25
WP.NORTH_CENTRAL_BIRDS_HEAD.ABUN,Abun,132.5,-0.5
An.MALAYO_SUMBAWAN.ACEH,Austronesian,95.5,5.5
Arw.INLAND_NORTHERN_ARAWAKAN.ACHAGUA,Arawakan,-72.25,4.42
ST.BURMESE_LOLO.ACHANG,Sino-Tibetan,98.5,25.0
ESu.NILOTIC.ACHOLI,Nilotic,32.67,3.0
ESu.NILOTIC.ACHOLI_2,Nilotic,32.67,3.0
TAP.GREATER_ALOR.ADANG,Timor-Alor-Pantar,124.47,-8.17
TAP.GREATER_ALOR.ADANG_PITUNG,Timor-Alor-Pantar,124.47,-8.17
NC.KWA.ADIOUKROU,Atlantic-Congo,-4.58,5.42
An.OCEANIC.ADZERA,Austronesian,146.25,-6.25
AA.LOWLAND_EAST_CUSHITIC.AFAR,Afro-Asiatic,42.0,12.0
AA.LOWLAND_EAST_CUSHITIC.AFAR_2,Afro-Asiatic,42.0,12.0
TNG.EASTERN_HIGHLANDS.AGARABI,Nuclear_Trans_New_Guinea,146.0,-6.17
NC.BANTOID.AGHEM_ISU,Atlantic-Congo,10.0,6.67
NC.BANTOID.AGHEM_WEH,Atlantic-Congo,10.0,6.67
NC.BANTOID.AGHEM_WUM,Atlantic-Congo,10.0,6.67
CSu.MORU_MAADI.AGI,Central_Sudanic,29.75,4.75
An.GREATER_CENTRAL_PHILIPPINE.AGTA,Austronesian,121.83,17.97
Alt.TUNGUSIC.AIHUI_MANCHU,Tungusic,127.5,50.25
Ain.AINU.AINU_ASAHIKAWA,Ainu,142.37,43.77
Ain.AINU.AINU_BIHORO,Ainu,144.1,43.82
Ain.AINU.AINU_HIRATORI,Ainu,142.13,42.58
Ain.AINU.AINU_HOROBETSU,Ainu,141.1,42.42
Ain.AINU.AINU_KUSHIRO,Ainu,144.38,42.98
Ain.AINU.AINU_MAOKA,Ainu,142.05,47.05
Ain.AINU.AINU_NAIRO,Ainu,141.06,45.39
Ain.AINU.AINU_NAYORO,Ainu,142.46,44.35
Ain.AINU.AINU_NIIKAPPU,Ainu,142.32,42.37
Ain.AINU.AINU_NUKKIBETSU,Ainu,142.27,42.66
Ain.AINU.AINU_OBIHIRO,Ainu,143.2,42.92
Ain.AINU.AINU_OCHIHO,Ainu,143.09,46.92
Ain.AINU.AINU_OSHAMAMBE,Ainu,140.37,42.51
Ain.AINU.AINU_RAICHISHKA,Ainu,142.03,49.07
Ain.AINU.AINU_SAMANI,Ainu,142.93,42.13
Ain.AINU.AINU_SARU,Ainu,142.01,42.5
Ain.AINU.AINU_SHIRAURA,Ainu,142.52,47.85
Ain.AINU.AINU_SOYA,Ainu,141.94,45.52
Ain.AINU.AINU_TARANTOMARI,Ainu,141.97,46.86
Ain.AINU.AINU_YAKUMO,Ainu,140.27,42.25
NC.KWA.AJAGBE,Atlantic-Congo,1.65,7.07
PN.CENTRAL_PAMA_NYUNGAN.AKARA,Pama-Nyungan,136.0,-24.0
ST.BURMESE_LOLO.AKHA,Sino-Tibetan,99.83,21.83
NDa.NAKH.AKKIN_CHECHEN,Nakh-Daghestanian,46.58,43.25
Sep.SEPIK_HILL.ALAMBLAK,Sepik,143.33,-4.67
NC.BANTOID.ALINGA,Atlantic-Congo,10.67,4.75
OC.ALSEA.ALSEA,Alsea,-123.92,44.67
An.CENTRAL_MALAYO_POLYNESIAN.ALUNE,Austronesian,128.3,-3.0
PN.CENTRAL_PAMA_NYUNGAN.ALYAWARRA,Pama-Nyungan,135.0,-22.5
PN.CENTRAL_PAMA_NYUNGAN.ALYAWARR_ALYAWARA,Pama-Nyungan,135.0,-22.5
PN.CENTRAL_PAMA_NYUNGAN.ALYAWARR_MACDONALDDOWNS_ALYAWARA,Pama-Nyungan,135.0,-22.5
Pan.PANOAN.AMAHUACA,Pano-Tacanan,-72.5,-10.5
Bor.BORDER.AMANAB,Border,141.25,-3.58
An.OCEANIC.AMARA,Austronesian,148.5,-5.67
An.OCEANIC.AMARI,Austronesian,146.2,-6.3
ESu.NYIMANG.AMA_AFRICA,Nyimang,29.33,12.17
An.SOUTH_HALMAHERA_WEST_NEW_GUINEA.AMBAI,Austronesian,136.3,-1.5
TNG.MADANG.AMELE,Nuclear_Trans_New_Guinea,145.58,-5.25
Sen.SENAGI.AMGOTRO,Senagi,141.0,-3.58
AA.SEMITIC.AMHARIC,Afro-Asiatic,38.0,10.0
AA.SEMITIC.AMHARIC_2,Afro-Asiatic,38.0,10.0
AA.SEMITIC.AMHARIC_3,Afro-Asiatic,38.0,10.0
NC.KAINJI.AMO,Atlantic-Congo,8.67,10.33
An.SAMA_BAJAW.ANAIWOI_BAJAU,Austronesian,123.0,-4.33
CSu.MORU_MAADI.ANDRI,Central_Sudanic,29.75,4.75
An.OCEANIC.ANEITYUM_2,Austronesian,169.8,-20.2
Ane.ANEM.ANEM,Anem,149.08,-5.58
AA.WEST_CHADIC.ANGAS,Afro-Asiatic,9.5,9.5
TNG.MADANG.ANGAUA,Nuclear_Trans_New_Guinea,144.92,-5.0
Sen.SENAGI.ANGOR,Senagi,141.17,-3.75
An.OCEANIC.ANIWA,Austronesian,169.6,-19.26
ST.NUNGISH.ANONG,Sino-Tibetan,98.75,27.33
NC.KWA.ANUFO,Atlantic-Congo,0.25,10.08
TNG.KOIARIAN.AOMIE,Koiarian,148.08,-9.05
MGe.GE_KAINGANG.APANIEKRA,Nuclear-Macro-Je,-45.0,-7.0
ST.TANI.APATANI,Sino-Tibetan,93.75,27.5
MGe.GE_KAINGANG.APINAYE,Nuclear-Macro-Je,-48.0,-5.5
Ijo.IJOID.APOI,Ijoid,5.67,4.92
Arw.PURUS.APURINA,Arawakan,-67.0,-9.0
AA.SEMITIC.ARABIC_GULF_SPOKEN,Afro-Asiatic,49.0,26.0
AA.SEMITIC.ARABIC_NORTH_LEVANTINE_SPOKEN,Afro-Asiatic,36.0,33.75
AA.SEMITIC.ARABIC_QURANIC,Afro-Asiatic,42.0,25.0
AA.SEMITIC.ARAMAIC,Afro-Asiatic,43.0,36.0
PN.CENTRAL_PAMA_NYUNGAN.ARANDA,Pama-Nyungan,136.0,-24.0
Tac.TACANAN.ARAONA,Pano-Tacanan,-67.75,-12.33
AA.LOWLAND_EAST_CUSHITIC.ARBORE,Afro-Asiatic,36.75,5.0
AA.LOWLAND_EAST_CUSHITIC.ARBORE_2,Afro-Asiatic,36.75,5.0
NDa.LEZGIC.ARCHI,Nakh-Daghestanian,46.83,42.0
NDa.LEZGIC.ARCHI_2,Nakh-Daghestanian,46.83,42.0
AA.SOUTH_OMOTIC.ARI,South_Omotic,36.58,6.0
Ijo.IJOID.AROGBO,Ijoid,5.67,4.92
An.OCEANIC.AROP_LOKEP,Austronesian,147.01,-5.33
An.OCEANIC.AROSI_TAWATANA,Austronesian,161.33,-10.25
PN.CENTRAL_PAMA_NYUNGAN.ARRARNTA_WESTERN,Pama-Nyungan,132.5,-24.0
PN.CENTRAL_PAMA_NYUNGAN.ARRERNTE_CENTRAL,Pama-Nyungan,136.0,-24.0
PN.CENTRAL_PAMA_NYUNGAN.ARRERNTE_EASTERN,Pama-Nyungan,136.0,-24.0
PN.CENTRAL_PAMA_NYUNGAN.ARRERNTE_EASTERN_2,Pama-Nyungan,136.0,-24.0
Arw.PRE_ANDINE_ARAWAKAN.ASHANINKA,Arawakan,-74.0,-12.0
IE.INDIC.ASSAMESE,Indo-European,93.0,26.0
IE.INDIC.ASTOR_SHINA,Indo-European,74.0,36.0
Ata.ATAKAPA.ATAKAPA,Atakapa,-93.5,30.0
An.ATAYALIC.ATAYAL,Austronesian,121.33,24.5
ST.MAHAKIRANTI.ATHPARE,Sino-Tibetan,87.33,27.0
Tor.WAPEI_PALEI.AU,Nuclear_Torricelli,142.08,-3.58
Tu.TU.AUNI,Tuu,21.5,-24.0
NDa.AVAR_ANDIC_TSEZIC.AVAR,Nakh-Daghestanian,46.5,42.5
NDa.AVAR_ANDIC_TSEZIC.AVAR_ANDALAL,Nakh-Daghestanian,46.96,42.39
NDa.AVAR_ANDIC_TSEZIC.AVAR_ANTSUKH,Nakh-Daghestanian,46.31,42.48
NDa.AVAR_ANDIC_TSEZIC.AVAR_BATLUKH,Nakh-Daghestanian,46.35,42.56
NDa.AVAR_ANDIC_TSEZIC.AVAR_HID,Nakh-Daghestanian,46.72,42.33
NDa.AVAR_ANDIC_TSEZIC.AVAR_KARAKH,Nakh-Daghestanian,46.83,42.24
NDa.AVAR_ANDIC_TSEZIC.AVAR_KUSUR,Nakh-Daghestanian,46.86,42.06
NDa.AVAR_ANDIC_TSEZIC.AVAR_ZAKATALY,Nakh-Daghestanian,46.81,41.62
An.OCEANIC.AVASO_BABATANA,Austronesian,157.5,-7.33
TNG.EASTERN_HIGHLANDS.AWA,Nuclear_Trans_New_Guinea,145.75,-6.67
TNG.EASTERN_HIGHLANDS.AWA_2,Nuclear_Trans_New_Guinea,145.75,-6.67
Bar.BARBACOAN.AWA_PIT,Barbacoan,-78.25,1.5
Sep.RAM.AWTUW,Sepik,142.0,-3.58
TNG.AWJU_DUMUT.AWYU_ASUE,Nuclear_Trans_New_Guinea,139.17,-5.17
An.OCEANIC.AYIWO,Austronesian,166.25,-10.33
AA.BERBER.AYT_SEGHROUCHEN,Afro-Asiatic,-4.67,33.33
An.OCEANIC.AZERA,Austronesian,146.2,-6.3
NC.BANTOID.B42_SANGU_2,Atlantic-Congo,11.83,-1.5
NC.BANTOID.B63_NDUUMO_KUYA,Atlantic-Congo,13.58,-1.67
NC.BANTOID.B70_TEKE_OMVULA,Atlantic-Congo,15.33,-3.67
NC.BANTOID.B78_IWUM_WUUMBU_SUD_TEKE,Atlantic-Congo,15.33,-3.67
NC.BANTOID.BABOLE_DZEKE,Atlantic-Congo,17.25,1.08
NC.BANTOID.BABOLE_IMPFONDO,Atlantic-Congo,17.25,1.08
NC.BANTOID.BABUNGO,Atlantic-Congo,10.42,6.12
PN.WESTERN_PAMA_NYUNGAN.BADIMAYA,Pama-Nyungan,118.0,-27.67
NC.BANTOID.BAFIA,Atlantic-Congo,11.13,4.73
NC.BANTOID.BAFIA_ROPE,Atlantic-Congo,11.17,5.0
CSu.BONGO_BAGIRMI.BAGIRMI,Central_Sudanic,16.0,11.67
IE.INDIC.BAGROT_SHINA,Indo-European,74.0,36.0
An.SAMA_BAJAW.BAJAU_WEST_COAST,Austronesian,117.0,5.25
An.SAMA_BAJAW.BAJOE_BAJAU,Austronesian,123.0,-4.33
NC.UBANGI.BAKA_2,Atlantic-Congo,13.58,2.58
CSu.BONGO_BAGIRMI.BAKA_SUDAN,Central_Sudanic,29.25,4.83
NC.BANTOID.BAKUERI,Atlantic-Congo,9.25,4.25
IE.ROMANCE.BALEAR_CATALAN,Indo-European,2.65,39.57
CSu.MORU_MAADI.BALIMBA,Central_Sudanic,29.75,4.75
Man.WESTERN_MANDE.BAMBARA,Mande,-7.5,12.5
ST.TANI.BANGNI_NYISHI,Sino-Tibetan,93.0,28.0
An.ENGGANO.BANJAR_SARI_ENGGANO,Austronesian,102.25,-5.42
IE.IRANIAN.BANNU_PASHTO,Indo-European,70.6,32.98
An.OCEANIC.BANONI,Austronesian,155.25,-6.42
TK.HLAI.BAODING_HLAI,Tai-Kadai,110.34,18.82
Man.WESTERN_MANDE.BARALAKAKAN,Mande,-7.78,8.87
NC.UBANGI.BARAMBU,Atlantic-Congo,27.0,3.5
Tuc.TUCANOAN.BARASANO,Tucanoan,-70.67,-0.17
Arw.INLAND_NORTHERN_ARAWAKAN.BARE,Arawakan,-67.0,1.0
ESu.NILOTIC.BARI_SUDAN,Nilotic,31.67,5.83
Sko.WARAPU.BARUPU,Sko,142.08,-3.08
TNG.ANGAN.BARUYA,Angan,145.92,-6.92
TNG.ANGAN.BARUYA_2,Angan,145.92,-6.92
NC.BANTOID.BASAA,Atlantic-Congo,10.5,3.92
Ijo.IJOID.BASAN,Ijoid,5.67,4.92
Alt.TURKIC.BASHKIR,Turkic,58.0,53.0
Bas.BASQUE.BASQUE,Basque,-3.0,43.0
NC.GUR.BASSARI,Atlantic-Congo,0.5,10.08
NC.BANTOID.BATANGA_BALUNDU,Atlantic-Congo,9.17,5.0
NDa.NAKH.BATS,Nakh-Daghestanian,45.5,42.5
NC.KWA.BAULE,Atlantic-Congo,-5.0,7.0
Arw.BOLIVIA_PARANA.BAURE,Arawakan,-64.17,-13.08
AA.BEJA.BEJA,Afro-Asiatic,36.0,18.0
AA.BEJA.BEJA_2,Afro-Asiatic,36.0,18.0
An.LAMPUNGIC.BELALAU_LAMPUNG_API,Austronesian,105.0,-5.0
IE.SLAVIC.BELARUSIAN,Indo-European,28.0,54.0
ST.MAHAKIRANTI.BELHARE,Sino-Tibetan,87.3,26.97
Sal.BELLA_COOLA.BELLA_COOLA,Salishan,-126.67,52.5
AA.NORTH_OMOTIC.BENCHO,Ta-Ne-Omotic,35.75,7.0
AA.BERBER.BENI_SNOUS_WESTERN_ALGERIAN_BERBER,Afro-Asiatic,-1.64,34.62
Sah.EASTERN_SAHARAN.BERIA,Saharan,24.0,15.17
NC.PLATOID.BEROM_F,Atlantic-Congo,8.83,9.67
NC.PLATOID.BEROM_R,Atlantic-Congo,8.83,9.67
IE.INDIC.BHOIPURI,Indo-European,84.0,26.0
IE.INDIC.BHOJPURI,Indo-European,84.0,26.0
An.SOUTH_HALMAHERA_WEST_NEW_GUINEA.BIAK,Austronesian,136.05,-1.17
An.SOUTH_HALMAHERA_WEST_NEW_GUINEA.BIAK_2,Austronesian,136.05,-1.17
AA.EAST_CHADIC.BIDIYA,Afro-Asiatic,18.75,11.92
An.OCEANIC.BILEKI_NAKANAI,Austronesian,150.6,-5.58
AA.CENTRAL_CUSHITIC.BILIN,Afro-Asiatic,38.5,15.75
AA.CENTRAL_CUSHITIC.BILIN_2,Afro-Asiatic,38.5,15.75
Sio.CORE_SIOUAN.BILOXI,Siouan,-88.67,30.5
SoP.BILUA.BILUA,Bilua,156.67,-7.75
NC.GUR.BIMOBA,Atlantic-Congo,0.0,10.5
TNG.BINANDEREAN.BINANDERE,Nuclear_Trans_New_Guinea,148.0,-8.25
PN.NORTHERN_PAMA_NYUNGAN.BIRI,Pama-Nyungan,146.67,-20.15
PN.NORTHERN_PAMA_NYUNGAN.BIRRI_AUSTRALIA,Pama-Nyungan,146.5,-20.5
NC.GBAYA_MANZA_NGBAKA.BIYANDA,Atlantic-Congo,15.5,4.5
Alg.ALGONQUIAN.BLACKFOOT,Algic,-112.67,50.0
WP.NORTH_HALMAHERAN.BOBAWA,North_Halmahera,127.58,0.5
AuA.MUNDA.BODOBELGHORIA_SANTALI,Austroasiatic,87.0,24.5
ST.BODO_GARO.BODO_INDIA,Sino-Tibetan,92.0,26.83
An.SAMA_BAJAW.BOEPINANG_BAJAU,Austronesian,123.0,-4.33
Man.EASTERN_MANDE.BOKO,Mande,3.5,10.5
NC.BANTOID.BOLIA,Atlantic-Congo,18.33,-1.25
NC.BANTOID.BOLIA_BANDUNDU,Atlantic-Congo,18.33,-1.25
NC.BANTOID.BOLIA_NSAO,Atlantic-Congo,18.33,-1.25
CSu.BONGO_BAGIRMI.BONGO,Central_Sudanic,28.5,7.5
TNG.MADANG.BONGU,Nuclear_Trans_New_Guinea,145.92,-5.5
Bos.BOSAVI.BOSAVI,Bosavi,142.75,-6.5
NC.BANTOID.BOTONGO_DIBOLE,Atlantic-Congo,17.25,1.08
IE.GERMANIC.BRABANTIC,Indo-European,4.5,50.75
AuA.BAHNARIC.BRAO,Austroasiatic,107.5,14.17
IE.CELTIC.BRETON,Indo-European,-3.0,48.0
Chi.TALAMANCA.BRIBRI,Chibchan,-83.0,9.42
IE.INDIC.BROK_SKAD,Indo-European,76.5,35.33
IE.INDIC.BROKSKAT,Indo-European,76.5,35.33
An.OCEANIC.BUANG,Austronesian,146.83,-6.92
An.RUKAI.BUDAI_RUKAI,Austronesian,120.83,22.83
NC.BANTOID.BUDU,Atlantic-Congo,28.0,2.0
AA.BIU_MANDARA.BUDUMA,Afro-Asiatic,14.05,13.05
NC.KWA.BUEM_LELEMI,Atlantic-Congo,0.5,7.33
An.SOUTH_SULAWESI.BUGINESE,Austronesian,120.0,-4.0
An.OCEANIC.BUJAN,Austronesian,147.08,-2.08
Tor.KOMBIO_ARAPESH.BUKIYIP,Nuclear_Torricelli,143.17,-3.42
IE.SLAVIC.BULGARIAN,Indo-European,25.0,42.5
Ijo.IJOID.BUMO,Ijoid,5.67,4.92
IE.INDIC.BUNJI_SHINA,Indo-European,74.0,36.0
Alt.MONGOLIC.BURIAT_MONGOLIA,Mongolic,108.0,52.0
ST.BURMESE_LOLO.BURMESE,Sino-Tibetan,96.0,21.0
AA.SOUTHERN_CUSHITIC.BURUNGE,Afro-Asiatic,36.0,-5.33
Brs.BURUSHASKI.BURUSHASKI,Burushaski,74.5,36.5
An.CENTRAL_MALAYO_POLYNESIAN.BURU_MASARETE,Austronesian,126.5,-3.5
Man.EASTERN_MANDE.BUSA_NIGERIA,Mande,4.0,9.67
NC.BANTOID.BUSHONG_1,Atlantic-Congo,21.5,-4.5
NC.BANTOID.BUSHONG_2,Atlantic-Congo,21.5,-4.5
NC.BANTOID.BUSHOONG,Atlantic-Congo,21.5,-4.5
An.PAIWAN.BUTANGLU_PAIWAN,Austronesian,120.83,22.5
ST.KAREN.BWE_KAREN,Sino-Tibetan,97.0,19.5
ST.BODIC.BYANSI,Sino-Tibetan,80.5,30.17
NC.BANTOID.C45_LEBEO,Atlantic-Congo,25.0,1.75
NC.BANTOID.C80_MBINGI,Atlantic-Congo,21.5,-4.5
NC.BANTOID.C80_SHUWA,Atlantic-Congo,21.5,-4.5
NC.BANTOID.C831_ILEBO,Atlantic-Congo,21.5,-4.5
UA.CALIFORNIA_UTO_AZTECAN.CAHUILLA,Uto-Aztecan,-116.25,33.5
AA.SEMITIC.CAIRO_ARABIC,Afro-Asiatic,31.0,30.0
ST.MAHAKIRANTI.CAMLING,Sino-Tibetan,86.67,27.0
ST.CHINESE.CANTONESE,Sino-Tibetan,113.0,23.0
AuA.NICOBARESE.CAR,Austroasiatic,93.0,9.0
Pan.PANOAN.CASHIBO,Pano-Tacanan,-75.5,-8.5
IE.ROMANCE.CATALAN,Indo-European,2.0,41.75
IE.ROMANCE.CATALAN_2,Indo-European,2.18,41.38
Bar.BARBACOAN.CAYAPA,Barbacoan,-79.0,0.67
Cay.CAYUVAVA.CAYUBABA,Cayuvava,-65.5,-13.5
An.OCEANIC.CEMUHI,Austronesian,165.0,-20.83
Aym.AYMARAN.CENTRAL_AYMARA,Aymaran,-69.0,-17.0
Aym.AYMARAN.CENTRAL_AYMARA_2,Aymaran,-69.0,-17.0
IE.IRANIAN.CENTRAL_GOJAL_WAKHI,Indo-European,72.0,36.5
UA.TARAHUMARAN.CENTRAL_TARAHUMARA,Uto-Aztecan,-107.5,27.5
Brs.BURUSHASKI.CENTRAL_YASIN_BURUSHASKI,Burushaski,74.5,36.5
NC.BANTOID.CEWA,Atlantic-Congo,34.0,-14.0
Pan.PANOAN.CHACOBO,Pano-Tacanan,-66.75,-12.17
AA.SEMITIC.CHAHA,Afro-Asiatic,37.5,8.0
OM.MIXTECAN.CHALCATONGO_MIXTEC,Otomanguean,-97.57,17.05
IE.INDIC.CHALT_SHINA,Indo-European,74.0,36.0
An.CHAMORRO.CHAMORRO,Austronesian,144.75,13.45
An.MALAYO_SUMBAWAN.CHAM_WESTERN,Austronesian,105.0,12.0
ST.NORTHERN_NAGA.CHANG,Sino-Tibetan,94.75,26.33
ST.NORTHERN_NAGA.CHANG_2,Sino-Tibetan,94.75,26.33
ST.BODIC.CHANTYAL,Sino-Tibetan,83.42,28.58
IE.IRANIAN.CHAPURSAN_WAKHI,Indo-European,72.0,36.5
OM.ZAPOTECAN.CHATINO_WESTERN_HIGHLAND,Otomanguean,-97.38,16.25
IE.INDIC.CHATORKHAND_KHOWAR,Indo-European,73.84,36.35
NDa.NAKH.CHECHEN,Nakh-Daghestanian,45.83,43.25
ST.MAHAKIRANTI.CHEPANG,Sino-Tibetan,84.75,27.67
Iro.SOUTHERN_IROQUOIAN.CHEROKEE,Iroquoian,-94.88,35.87
HM.HMONG_MIEN.CHIANGRAI_MIEN,Hmong-Mien,99.5,19.55
MZ.MIXE_ZOQUE.CHIAPAS_ZOQUE,Mixe-Zoque,-93.25,17.0
Chi.CHIBCHA_DUIT.CHIBCHA,Chibchan,-74.0,5.0
Hok.CHIMARIKO.CHIMARIKO,Chimariko,-123.0,41.0
OM.CHINANTECAN.CHINANTEC_COMALTEPEC,Otomanguean,-96.42,17.58
OM.CHINANTECAN.CHINANTEC_PALANTLA,Otomanguean,-96.74,18.83
OM.CHINANTECAN.CHINANTEC_QUIOTEPEC,Otomanguean,-96.67,17.58
NC.BANTOID.CHINGONI,Atlantic-Congo,36.0,-11.0
ST.KUKI_CHIN.CHIN_HAKA,Sino-Tibetan,93.67,22.67
ST.KUKI_CHIN.CHIN_SIYIN,Sino-Tibetan,94.0,23.83
ST.KUKI_CHIN.CHIN_TEDIM,Sino-Tibetan,93.67,23.33
UC.URU_CHIPAYA.CHIPAYA,Uru-Chipaya,-68.4,-19.0
UC.URU_CHIPAYA.CHIPAYA_2,Uru-Chipaya,-68.4,-19.0
UC.URU_CHIPAYA.CHIPAYA_3,Uru-Chipaya,-68.4,-19.0
NDe.ATHAPASKAN.CHIPEWYAN,Athabaskan-Eyak-Tlingit,-106.0,59.0
Cht.CHITIMACHA.CHITIMACHA,Chitimacha,-91.0,29.67
Cht.CHITIMACHA.CHITIMACHA_2,Chitimacha,-91.0,29.67
Mus.MUSKOGEAN.CHOCTAW,Muskogean,-88.5,32.25
May.MAYAN.CHONTAL_TABASCO,Mayan,-92.58,18.17
ST.BODIC.CHORBAT_BALTI,Sino-Tibetan,76.0,35.0
AuA.BAHNARIC.CHRAU,Austroasiatic,107.5,10.75
AuA.BAHNARIC.CHRAU_2,Austroasiatic,107.5,10.75
CK.NORTHERN_CHUKOTKO_KAMCHATKAN.CHUKCHEE,Chukotko-Kamchatkan,177.0,65.0
Chu.CHUMASH.CHUMASH_BARBARENO,Chumashan,-120.25,34.5
Alt.TURKIC.CHUVASH,Turkic,47.5,55.5
An.ATAYALIC.CIULI_ATAYAL,Austronesian,121.33,24.5
AA.SEMITIC.CLASSICAL_ARABIC,Afro-Asiatic,42.0,25.0
Pen.TSIMSHIANIC.COAST_TSIMSHIAN,Tsimshian,-129.0,52.5
Bar.BARBACOAN.COLORADO,Barbacoan,-79.33,-1.0
UA.NUMIC.COMANCHE,Uto-Aztecan,-101.5,33.5
AA.EGYPTIAN_COPTIC.COPTIC,Afro-Asiatic,32.0,26.0
IE.CELTIC.CORNISH,Indo-European,-5.0,50.33
Sal.CENTRAL_SALISH.COWICHAN,Salishan,-122.5,49.25
Mus.MUSKOGEAN.CREEK,Muskogean,-81.06,27.08
Sio.CORE_SIOUAN.CROW,Siouan,-108.0,47.0
Ura.UGRIC.CSANGO,Uralic,26.67,46.57
Tuc.TUCANOAN.CUBEO,Tucanoan,-70.5,1.33
Tuc.TUCANOAN.CUBEO_2,Tucanoan,-70.5,1.33
UA.CALIFORNIA_UTO_AZTECAN.CUPENO,Uto-Aztecan,-116.5,33.17
IE.SLAVIC.CZECH,Indo-European,15.0,50.0
An.EAST_FORMOSAN.C_AMIS,Austronesian,121.33,23.33
NC.BANTOID.D28_HOLOHOLO,Atlantic-Congo,29.92,-5.17
AA.LOWLAND_EAST_CUSHITIC.DAASANACH,Afro-Asiatic,36.33,4.67
AA.LOWLAND_EAST_CUSHITIC.DAASANACH_2,Afro-Asiatic,36.33,4.67
AA.NORTH_OMOTIC.DACHE,Ta-Ne-Omotic,37.05,6.7
Dag.DAGAN.DAGA,Dagan,149.33,-10.0
NC.GUR.DAGAARE,Atlantic-Congo,-2.67,10.5
NC.GUR.DAGBANI,Atlantic-Congo,-0.5,9.58
AA.SEMITIC.DAMASCUS_ARABIC,Afro-Asiatic,36.0,33.75
IE.GERMANIC.DANISH,Indo-European,10.0,56.0
HM.HMONG_MIEN.DAPINGJIANG_MIEN,Hmong-Mien,110.25,25.8
IE.INDIC.DAREL_SHINA,Indo-European,74.0,36.0
NDa.LAK_DARGWA.DARGWA,Nakh-Daghestanian,47.42,42.25
ST.BODIC.DARMIYA,Sino-Tibetan,79.75,30.0
ST.BAI.DASHI_BAI,Sino-Tibetan,100.22,26.31
IE.INDIC.DASHKIN_SHINA,Indo-European,74.0,36.0
Alt.MONGOLIC.DAUR,Mongolic,124.0,48.0
Nad.NADAHUP.DAW,Nadahup,-67.08,-0.25
NC.ADAMAWA.DAY,Atlantic-Congo,17.83,8.75
An.LAMPUNGIC.DAYA_LAMPUNG_API,Austronesian,105.0,-5.0
ST.BURMESE_LOLO.DAZHAI_HANI,Sino-Tibetan,102.92,27.23
An.OCEANIC.DEHU,Austronesian,167.25,-21.0
AA.WEST_CHADIC.DERA,Afro-Asiatic,12.0,10.0
Tuc.TUCANOAN.DESANO,Tucanoan,-69.83,0.83
Tuc.TUCANOAN.DESANO_2,Tucanoan,-69.83,0.83
ST.DHIMALIC.DHIMAL,Sino-Tibetan,87.75,26.67
ESu.SURMIC.DIDINGA,Surmic,33.05,4.05
Hok.YUMAN.DIEGUENO,Cochimi-Yuman,-116.17,32.67
ST.BODO_GARO.DIMASA,Sino-Tibetan,93.0,25.5
AA.SOUTH_OMOTIC.DIME,South_Omotic,36.25,6.17
NC.NORTHERN_ATLANTIC.DIOLA,Atlantic-Congo,-16.0,13.0
Gum.GUMUZ.DISOHA,Gumuz,35.42,12.42
PN.CENTRAL_PAMA_NYUNGAN.DIYARI,Pama-Nyungan,139.0,-28.0
Mng.NDJEBBANA.DJEEBBANA,Maningrida,134.17,-12.17
Son.SONGHAY.DJENNE_CHIINI,Songhay,2.17,13.83
Mir.DJINGILI.DJINGILI,Mirndi,134.0,-17.75
Dog.DOGON.DOGON_JAMSAY,Dogon,-2.4,14.4
ST.MAHAKIRANTI.DOLAKHA_NEWAR,Sino-Tibetan,85.5,27.67
IE.INDIC.DOMAAKI,Indo-European,74.0,36.17
IE.INDIC.DOMARI,Indo-European,35.22,31.78
NC.UBANGI.DONGO,Atlantic-Congo,30.0,3.0
NC.ADAMAWA.DOOHWAAYAAYO,Atlantic-Congo,13.08,8.67
Dra.SOUTH_CENTRAL_DRAVIDIAN.DORLI_GONDI,Dravidian,81.33,17.5
ST.TANI.DOUYU_BANGNI,Sino-Tibetan,92.97,28.35
ST.NUNGISH.DRUNG,Sino-Tibetan,98.33,28.0
NC.BANTOID.DUALA,Atlantic-Congo,9.42,4.0
NC.KAINJI.DUKA,Atlantic-Congo,5.08,11.17
ST.MAHAKIRANTI.DUMI,Sino-Tibetan,86.67,27.25
ST.MAHAKIRANTI.DUMI_2,Sino-Tibetan,86.67,27.25
Sko.WESTERN_SKOU.DUMO,Sko,141.25,-2.68
TNG.DUNA.DUNA,Duna,142.5,-5.5
An.GREATER_CENTRAL_PHILIPPINE.DUPANINGAN_AGTA,Austronesian,122.17,17.83
Sko.WESTERN_SKOU.DUSUR,Sko,141.33,-2.75
IE.GERMANIC.DUTCH,Indo-European,6.0,52.5
PN.NORTHERN_PAMA_NYUNGAN.DYIRBAL,Pama-Nyungan,145.58,-17.83
NC.BANTOID.DZEKE_DIBOLE,Atlantic-Congo,17.25,1.08
IE.ARMENIAN.EASTERN_ARMENIAN,Indo-European,45.0,40.0
ST.BODIC.EASTERN_BALTI,Sino-Tibetan,77.92,34.23
AA.LOWLAND_EAST_CUSHITIC.EASTERN_OROMO,Afro-Asiatic,42.0,9.0
AA.LOWLAND_EAST_CUSHITIC.EASTERN_OROMO_2,Afro-Asiatic,42.0,9.0
An.OCEANIC.EAST_AMBAE_LOLOMATUI,Austronesian,167.92,-15.37
An.OCEANIC.EAST_AMBAE_LOLSIWOI,Austronesian,167.85,-15.31
An.OCEANIC.EAST_AMBAE_WAILENGI,Austronesian,167.98,-15.29
EA.ESKIMO.EAST_GREENLANDIC,Eskimo-Aleut,-40.0,65.0
An.SOUTH_HALMAHERA_WEST_NEW_GUINEA.EAST_MAKIAN,Austronesian,127.5,0.0
Ijo.IJOID.EAST_OLODIAMA,Ijoid,5.67,4.92
Ijo.IJOID.EAST_TARAKIRI,Ijoid,5.67,4.92
NC.IGBOID.ECHIE,Atlantic-Congo,7.55,5.4
NC.EDOID.EDO,Atlantic-Congo,5.83,6.42
Bos.BOSAVI.EDOLO,Bosavi,142.69,-6.27
NC.EDOID.EDO_2,Atlantic-Congo,5.83,6.42
NC.BANTOID.EDZAMA_DIBOLE,Atlantic-Congo,17.25,1.08
NC.KWA.EGA,Atlantic-Congo,-5.5,5.5
NC.EDOID.EGENE,Atlantic-Congo,6.38,5.17
Yen.YENISEIAN.EIGHTEENTH_CENTURY_KET,Yeniseian,87.0,64.0
TNG.MEK.EIPOMEK,Nuclear_Trans_New_Guinea,140.08,-4.33
Jap.JAPANESE.EI_JAPANESE,Japonic,130.5,31.23
Ijo.IJOID.EKPETIAMA,Ijoid,5.67,4.92
An.CENTRAL_MALAYO_POLYNESIAN.ELPAPUTIH_SAMASURU_PAULOHIJ,Austronesian,127.98,-5.03
An.CENTRAL_MALAYO_POLYNESIAN.ELPAPUTIH_SERAM_1,Austronesian,127.98,-5.03
An.CENTRAL_MALAYO_POLYNESIAN.ELPAPUTIH_SERAM_2,Austronesian,127.98,-5.03
An.CENTRAL_MALAYO_POLYNESIAN.ELPAPUTIH_SERAM_3,Austronesian,127.98,-5.03
UA.CORACHOL.EL_NAYAR_CORA,Uto-Aztecan,-104.83,22.17
Cho.CHOCO.EMBERA_DARIEN,Chocoan,-77.17,6.83
Cho.CHOCO.EMBERA_NORTHERN,Chocoan,-77.17,6.83
Tup.TUPI_GUARANI.EMERILLON,Tupian,-52.33,3.25
NC.EDOID.ENGENNI,Atlantic-Congo,6.38,5.17
An.ENGGANO.ENGGANO,Austronesian,102.25,-5.42
IE.GERMANIC.ENGLISH,Indo-European,0.0,52.0
Cho.CHOCO.EPENA_BASURUDO,Chocoan,-77.0,3.0
Cho.CHOCO.EPENA_SAIJA,Chocoan,-77.0,3.0
ST.BAI.ERYUAN_BAI,Sino-Tibetan,99.95,26.11
Tac.TACANAN.ESE_EJJA,Pano-Tacanan,-66.0,-11.0
Ura.FINNIC.ESTONIAN,Uralic,26.0,59.0
Bos.BOSAVI.ETORO,Bosavi,142.69,-6.27
UA.CAHITA.EUDEVE,Uto-Aztecan,-110.0,28.5
Alt.TUNGUSIC.EVEN,Tungusic,130.0,68.0
Alt.TUNGUSIC.EVENKI_POLIGUS_LITERARY,Tungusic,94.62,61.98
Alt.TUNGUSIC.EWEN,Tungusic,130.0,68.0
Alt.TUNGUSIC.EWENKI_1,Tungusic,117.0,49.0
Alt.TUNGUSIC.EWENKI_2,Tungusic,122.08,52.18
NC.KWA.EWE_ADANGBE,Atlantic-Congo,0.42,6.33
NC.BANTOID.EWONDO,Atlantic-Congo,12.0,4.0
NC.BANTOID.EWONDO_2,Atlantic-Congo,12.0,4.0
NC.BANTOID.EWONDO_3,Atlantic-Congo,12.0,4.0
NC.BANTOID.EWONDO_4,Atlantic-Congo,12.0,4.0
Kad.KADUGLI.FAMA,Kadugli-Krongo,30.0,10.5
An.EAST_FORMOSAN.FARANG_AMIS,Austronesian,121.33,23.33
TNG.FASU.FASU,Fasu,143.33,-6.58
An.EAST_FORMOSAN.FATAAN_AMIS,Austronesian,121.33,23.33
AA.BERBER.FIGUIG,Afro-Asiatic,-1.5,32.5
An.OCEANIC.FIJIAN,Austronesian,178.0,-17.83
An.OCEANIC.FIJIAN_2,Austronesian,178.0,-17.83
An.OCEANIC.FILA,Austronesian,168.29,-17.68
Man.WESTERN_MANDE.FINANGAKAN,Mande,-7.48,8.72
Ura.FINNIC.FINNISH,Uralic,25.0,62.0
Teb.TEBERAN.FOLOPA,Teberan,144.5,-6.73
NC.KWA.FONGBE,Atlantic-Congo,2.17,6.42
TNG.EASTERN_HIGHLANDS.FORE,Nuclear_Trans_New_Guinea,145.5,-6.75
IE.ROMANCE.FRENCH,Indo-European,2.0,48.0
NC.NORTHERN_ATLANTIC.FULFULDE_ADAMAWA,Atlantic-Congo,13.5,9.17
Yat.YATE.FULNIO,Fulnio,-37.5,-8.0
NC.BANTOID.FUMU_1,Atlantic-Congo,15.33,-3.67
NC.BANTOID.FUMU_2,Atlantic-Congo,15.33,-3.67
Fur.FUR.FUR,Furan,25.0,13.5
CSu.BONGO_BAGIRMI.FURU,Central_Sudanic,20.58,4.33
Ijo.IJOID.FURUPAGHA,Ijoid,5.67,4.92
An.OCEANIC.FUTUNA,Austronesian,170.21,-19.52
NC.PLATOID.FYEM,Atlantic-Congo,9.2,9.35
NC.BANTOID.G65_KINGA,Atlantic-Congo,34.3,-9.5
NC.KWA.GA,Atlantic-Congo,-0.17,5.67
AA.BIU_MANDARA.GAANDA,Afro-Asiatic,12.58,10.33
AA.BIU_MANDARA.GAANDA_GABIN,Afro-Asiatic,12.3,10.3
TNG.EASTERN_HIGHLANDS.GADSUP,Nuclear_Trans_New_Guinea,146.0,-6.25
TNG.EASTERN_HIGHLANDS.GADSUP_AGARABI,Nuclear_Trans_New_Guinea,146.0,-6.17
IE.CELTIC.GAELIC_SCOTTISH,Indo-European,-4.0,57.0
PN.SOUTHEASTERN_PAMA_NYUNGAN.GAMILARAAY,Pama-Nyungan,149.5,-29.83
Tan.TANGKIC.GANGGALIDA,Tangkic,138.83,-17.33
Tan.TANGKIC.GANGULIDA,Tangkic,138.83,-17.33
Brs.BURUSHASKI.GANISH_HUNZA_BURUSHASKI,Burushaski,74.5,36.5
An.OCEANIC.GAPAPAIWA,Austronesian,149.83,-9.75
IE.INDIC.GARAM_CHISHMA_KHOWAR,Indo-European,71.54,36.0
Gar.GARRWAN.GARAWA,Garrwan,137.17,-17.08
Arw.CARIBBEAN_ARAWAKAN.GARIFUNA,Arawakan,-88.0,15.67
ST.BODO_GARO.GARO,Sino-Tibetan,90.5,25.67
Tup.MONDE.GAVIAO_DO_RONDONIA,Tupian,-62.0,-10.67
Ijo.IJOID.GBARAIN,Ijoid,5.67,4.92
Ijo.IJOID.GBARANMATU,Ijoid,5.67,4.92
CSu.KRESH.GBAYA,Kresh-Aja,24.05,8.05
NC.GBAYA_MANZA_NGBAKA.GBAYA_MBODOMO,Atlantic-Congo,15.5,4.5
NC.GBAYA_MANZA_NGBAKA.GBEYA,Atlantic-Congo,17.5,6.67
ST.BURMESE_LOLO.GELANGHE_AKHA,Sino-Tibetan,100.57,21.86
Krt.KARTVELIAN.GEORGIAN,Kartvelian,44.0,42.0
AA.SEMITIC.GETO,Afro-Asiatic,38.42,8.4
ST.BODIC.GHACHOK,Sino-Tibetan,83.0,29.0
NC.BANTOID.GIKUYU,Atlantic-Congo,36.75,-0.75
NC.BANTOID.GIKUYU_2,Atlantic-Congo,36.75,-0.75
IE.INDIC.GILGIT_SHINA,Indo-European,74.0,36.0
Niv.NIVKH.GILYAK,Nivkh,142.0,53.33
Niv.NIVKH.GILYAK_AMUR,Nivkh,142.0,53.33
Niv.NIVKH.GILYAK_EAST_SAKHALIN,Nivkh,142.0,53.33
Niv.NIVKH.GILYAK_NORTH_SAKHALIN,Nivkh,142.0,53.33
Niv.NIVKH.GILYAK_SOUTH_SAKHALIN,Nivkh,142.0,53.33
Niv.NIVKH.GILYAK_WEST_SAKHALIN,Nivkh,142.0,53.33
NDa.AVAR_ANDIC_TSEZIC.GODOBERI,Nakh-Daghestanian,46.08,42.67
AA.WEST_CHADIC.GOEMAI,Afro-Asiatic,9.75,8.67
IE.INDIC.GOHARABAD_SHINA,Indo-European,74.0,36.0
NC.CROSS_RIVER.GOKANA,Atlantic-Congo,7.33,4.58
TNG.CHIMBU.GOLIN,Nuclear_Trans_New_Guinea,144.75,-6.33
Bun.BUNUBAN.GOONIYANDI,Bunaban,126.33,-18.47
An.OCEANIC.GRAND_COULI,Austronesian,165.75,-21.67
IE.GREEK.GREEK,Indo-European,22.0,39.0
Tup.TUPI_GUARANI.GUAJAJARA,Tupian,-46.0,-5.0
Tup.TUPI_GUARANI.GUARANI,Tupian,-56.0,-26.0
Gto.GUATO.GUATO,Guato,-58.0,-17.0
Chi.GUAYMIIC.GUAYMI,Chibchan,-82.0,8.67
AA.BIU_MANDARA.GUDE,Afro-Asiatic,13.42,10.42
IE.INDIC.GUJARATI,Indo-European,72.0,23.0
CSu.BONGO_BAGIRMI.GULA_CAR,Central_Sudanic,22.5,9.5
IE.INDIC.GULTARI_SHINA,Indo-European,74.0,36.0
An.OCEANIC.GUMAWANA,Austronesian,150.8,-9.21
Gum.GUMUZ.GUMUZ,Gumuz,35.83,12.5
Gun.GUNWINYGIC.GUNBALANG_WARLANG,Gunwinyguan,134.0,-12.0
IE.INDIC.GUPIS_SHINA,Indo-European,74.0,36.0
ST.BODIC.GURUNG,Sino-Tibetan,84.33,28.33
ST.BODIC.GURUNG_WESTERN,Sino-Tibetan,83.0,29.0
PN.NORTHERN_PAMA_NYUNGAN.GUUGU_YIMIDHIR,Pama-Nyungan,144.83,-15.0
NC.BANTOID.H166_KONGO_MANYANGA,Atlantic-Congo,15.0,-5.0
NC.BANTOID.HADIMU,Atlantic-Congo,39.0,-6.5
Brs.BURUSHASKI.HAIDERABAD_HUNZA_BURUSHASKI,Burushaski,74.5,36.5
An.OCEANIC.HALIA,Austronesian,154.67,-5.25
An.OCEANIC.HALIA_2,Austronesian,154.67,-5.25
TNG.ANGAN.HAMTAI,Angan,146.25,-7.5
Sep.MIDDLE_SEPIK.HANGA_HUNDI,Ndu,142.85,-3.9
OC.COOSAN.HANIS_COOS,Coosan,-124.17,43.5
IE.INDIC.HARAMOSH_SHINA,Indo-European,74.0,36.0
IE.INDIC.HARBAN_SHINA,Indo-European,74.0,36.0
WP.HATAM.HATAM,Hatam-Mansim,134.0,-1.0
AA.WEST_CHADIC.HAUSA,Afro-Asiatic,7.0,12.0
AA.WEST_CHADIC.HAUSA_2,Afro-Asiatic,7.0,12.0
AA.WEST_CHADIC.HAUSA_3,Afro-Asiatic,7.0,12.0
An.OCEANIC.HAWAIIAN,Austronesian,-155.5,19.58
An.OCEANIC.HAWAIIAN_2,Austronesian,-155.5,19.58
An.OCEANIC.HAWAIIAN_3,Austronesian,-155.5,19.58
NC.BANTOID.HAYA,Atlantic-Congo,31.5,-2.0
NC.BANTOID.HAYA_2,Atlantic-Congo,31.5,-2.0
ST.MAHAKIRANTI.HAYU,Sino-Tibetan,86.0,27.25
AA.BIU_MANDARA.HDI,Afro-Asiatic,13.72,11.87
AA.SEMITIC.HEBREW,Afro-Asiatic,34.83,31.5
An.ATAYALIC.HECUO_TAROKO,Austronesian,121.42,24.17
NC.BANTOID.HEHE,Atlantic-Congo,36.0,-8.0
Wak.NORTHERN_WAKASHAN.HEILTSUK,Wakashan,-127.5,51.0
NC.BANTOID.HEMBA_BWINYANYEMBA,Atlantic-Congo,27.17,-6.25
NC.BANTOID.HEMBA_MAMBWE,Atlantic-Congo,27.17,-6.25
ST.BAI.HEQING_BAI,Sino-Tibetan,100.18,26.56
Sio.CORE_SIOUAN.HIDATSA,Siouan,-102.5,47.0
An.GREATER_CENTRAL_PHILIPPINE.HILIGAYNON,Austronesian,123.0,10.25
NC.BANTOID.HIMA_RDC,Atlantic-Congo,30.5,-0.5
IE.INDIC.HINDI,Indo-European,77.0,25.0
TNG.DANI.HITIGIMA_DANI,Nuclear_Trans_New_Guinea,138.5,-4.42
Car.CARIBAN.HIXKARYANA,Cariban,-59.0,-1.0
ST.KUKI_CHIN.HMAR,Sino-Tibetan,93.0,24.17
AuA.MUNDA.HO,Austroasiatic,86.0,22.0
An.OCEANIC.HOAVA,Austronesian,157.5,-8.08
NC.BANTOID.HOLOHOLO,Atlantic-Congo,29.92,-5.17
Brs.BURUSHASKI.HOPER_NAGAR_BURUSHASKI,Burushaski,74.5,36.5
UA.HOPI.HOPI,Uto-Aztecan,-110.0,36.0
AuA.MUNDA.HO_2,Austroasiatic,86.0,22.0
HM.HMONG_MIEN.HUANGLUO_BUNU,Hmong-Mien,110.13,25.74
Tac.TACANAN.HUARAYO_ESE_EJJA,Pano-Tacanan,-70.45,-11.9
May.MAYAN.HUASTEC,Mayan,-99.33,22.08
May.MAYAN.HUASTEC_VERACRUZ,Mayan,-98.25,21.33
Hua.HUAVEAN.HUAVE,Huavean,-95.0,16.22
Hua.HUAVEAN.HUAVE_2,Huavean,-95.0,16.22
Hui.HUITOTO.HUITOTO_MIKA,Huitotoan,-73.51,-1.17
Hui.HUITOTO.HUITOTO_MINICA,Huitotoan,-74.0,-0.33
Hui.HUITOTO.HUITOTO_MINICA_2,Huitotoan,-74.0,-0.33
Hui.HUITOTO.HUITOTO_MURUI,Huitotoan,-73.5,-1.0
Hui.HUITOTO.HUITOTO_MURUI_2,Huitotoan,-73.5,-1.0
NC.BANTOID.HUNDE,Atlantic-Congo,28.83,-1.17
NC.BANTOID.HUNDE_2,Atlantic-Congo,28.83,-1.17
Ura.UGRIC.HUNGARIAN,Uralic,20.0,47.0
IE.INDIC.HUNZA_SHINA,Indo-European,74.0,36.0
NDa.AVAR_ANDIC_TSEZIC.HUNZIB,Nakh-Daghestanian,46.25,42.17
NDe.ATHAPASKAN.HUPA,Athabaskan-Eyak-Tlingit,-123.67,41.08
NDe.ATHAPASKAN.HUPA_2,Athabaskan-Eyak-Tlingit,-123.67,41.08
Brs.BURUSHASKI.HUSSAINABAD_HUNZA_BURUSHASKI,Burushaski,74.5,36.5
An.OCEANIC.IAAI,Austronesian,166.58,-20.42
LP.LAKES_PLAIN.IAU_2,Lakes_Plain,137.5,-3.17
An.MALAYO_SUMBAWAN.IBAN,Austronesian,112.0,2.0
NDa.LAK_DARGWA.ICARI_DARGI,Nakh-Daghestanian,47.58,42.0
IE.GERMANIC.ICELANDIC,Indo-European,-17.0,65.0
An.OCEANIC.IDUNA,Austronesian,150.25,-9.33
Ijo.IJOID.IDUWINI,Ijoid,5.67,4.92
ST.DIGAROAN.IDU_MISHMI,Sino-Tibetan,95.83,29.33
An.NORTHERN_LUZON.IFUGAO_BATAD,Austronesian,121.08,16.83
NC.IGBOID.IGBO_ONITSHA,Atlantic-Congo,7.33,6.0
NC.IDOMOID.IGEDE,Atlantic-Congo,8.2,6.53
ESu.KULIAK.IK,Kuliak,34.17,3.75
Chi.ARHUACIC.IKA,Chibchan,-73.75,10.67
Ijo.IJOID.IKIBIRI,Ijoid,5.67,4.92
TNG.MADANG.IKUNDUN,Nuclear_Trans_New_Guinea,145.0,-4.67
ESu.KULIAK.IK_2,Kuliak,34.17,3.75
NC.BANTOID.ILA,Atlantic-Congo,26.5,-15.58
Knm.KUNAMA.ILIT,Kunama,36.92,14.5
Man.EASTERN_MANDE.ILLO_BUSA,Mande,3.7,11.55
Bor.BORDER.IMONDA,Border,141.17,-3.33
Mar.SOUTH_BIRDS_HEAD.INANWATAN,Inanwatan,132.08,-2.08
An.MALAYO_SUMBAWAN.INDONESIAN,Austronesian,106.0,0.0
An.MALAYO_SUMBAWAN.INDONESIAN_2,Austronesian,106.0,0.0
An.SAMA_BAJAW.INDONESIAN_BAJAU,Austronesian,123.0,-4.33
An.MALAYO_SUMBAWAN.INDONESIAN_JAKARTA,Austronesian,106.75,-6.17
ESu.EASTERN_JEBEL.INGASSANA,Eastern_Jebel,34.0,11.5
NDa.NAKH.INGUSH,Nakh-Daghestanian,45.08,43.17
Zap.ZAPAROAN.IQUITO,Zaparoan,-74.0,-3.25
Ira.IRANXE.IRANTXE,Iranxe,-58.0,-13.0
AA.SOUTHERN_CUSHITIC.IRAQW,Afro-Asiatic,35.5,-4.0
AA.SOUTHERN_CUSHITIC.IRAQW_2,Afro-Asiatic,35.5,-4.0
AA.SEMITIC.IRAQ_MUSLIM_BAGHDAD_ARABIC,Afro-Asiatic,44.0,33.0
An.SOUTH_HALMAHERA_WEST_NEW_GUINEA.IRARUTU,Austronesian,133.5,-3.0
IE.CELTIC.IRISH_GAELIC,Indo-European,-8.0,53.0
Sko.KRISA.ISAKA,Sko,141.28,-2.83
NC.BANTOID.ISANGU,Atlantic-Congo,11.83,-1.5
IE.IRANIAN.ISHKOMAN_WAKHI,Indo-European,72.0,36.5
OM.ZAPOTECAN.ISTHMUS_ZAPOTEC,Otomanguean,-95.0,16.42
IE.ROMANCE.ITALIAN,Indo-European,12.0,43.0
IE.ROMANCE.ITALIAN_GROSSETO_TUSCAN,Indo-European,12.0,43.0
Iwa.IWAIDJAN.IWAIDJA,Iwaidjan_Proper,132.67,-11.5
NC.BANTOID.IWUM_WUUMBU_1,Atlantic-Congo,15.33,-3.67
NC.BANTOID.IWUM_WUUMBU_2,Atlantic-Congo,15.33,-3.67
Ijo.IJOID.IZON,Ijoid,5.67,4.92
NC.BANTOID.J13_NKORE_HIMA,Atlantic-Congo,30.5,-0.5
NC.BANTOID.J15_GANDA,Atlantic-Congo,32.17,0.5
NC.BANTOID.J42_NANDE,Atlantic-Congo,29.17,-0.08
An.OCEANIC.JABEM,Austronesian,147.78,-6.58
AuA.MUNDA.JABRI_SANTALI,Austroasiatic,87.0,24.5
An.LAMPUNGIC.JABUNG_LAMPUNG_API,Austronesian,105.0,-5.0
Mar.MARIND_PROPER.JAKAJ,Anim,139.25,-6.58
IE.INDIC.JALKOT_SHINA,Indo-European,74.0,36.0
IE.GERMANIC.JAMTLANDIC,Indo-European,14.67,63.0
Jap.JAPANESE.JAPANESE,Japonic,140.0,37.0
Jap.JAPANESE.JAPANESE_2,Japonic,140.0,37.0
Jap.JAPANESE.JAPANESE_KYOTO,Japonic,135.8,35.0
Cah.CAHUAPANAN.JEBERO,Cahuapanan,-76.5,-5.42
MUM.MOREHEAD_AND_UPPER_MARO_RIVERS.JEISCH,Morehead-Wasur,140.92,-7.92
IE.INDIC.JELIL_CHILAS_SHINA,Indo-European,74.0,36.0
ST.BAI.JIANCHUAN_BAI,Sino-Tibetan,99.91,26.54
ST.BAI.JIANCHUAN_BAI_2,Sino-Tibetan,99.74,26.42
OM.MIXTECAN.JICALTEPEC_MIXTEC,Otomanguean,-98.0,16.33
ST.BAI.JINDUN_BAI,Sino-Tibetan,100.17,26.55
ST.JINGHPO.JINGPHO,Sino-Tibetan,97.0,25.33
ST.JINGHPO.JINGPHO_2,Sino-Tibetan,97.0,25.33
ST.BAI.JINXING_BAI,Sino-Tibetan,99.95,25.67
Jiv.JIVAROAN.JIVARO_SHUAR,Chicham,-78.0,-2.5
NC.NORTHERN_ATLANTIC.JOLA,Atlantic-Congo,-16.0,13.0
Kxa.JU_KUNG.JUHOAN,Kxa,21.0,-19.0
NC.PLATOID.JUKUN_TAKUM,Atlantic-Congo,10.42,6.92
Nad.NADAHUP.JUPDA,Nadahup,-69.25,0.17
NC.BANTOID.K14_LWENA_1,Atlantic-Congo,22.0,-12.0
NC.BANTOID.K14_LWENA_2,Atlantic-Congo,22.0,-12.0
NWC.NORTHWEST_CAUCASIAN.KABARDIAN,Abkhaz-Adyge,43.5,43.5
NC.GUR.KABIYE,Atlantic-Congo,1.17,9.67
Ijo.IJOID.KABOU,Ijoid,5.67,4.92
AA.BERBER.KABYLE,Afro-Asiatic,5.0,36.05
AA.BERBER.KABYLE_GREATER_KABYLIA_AT_MANGELLAT,Afro-Asiatic,5.0,36.05
ST.BODO_GARO.KACHARI,Sino-Tibetan,91.0,26.5
IE.INDIC.KACHURA_SHINA,Indo-European,74.0,36.0
An.CELEBIC.KADATUA,Austronesian,122.27,-5.33
Kad.KADUGLI.KADUGLI_2,Kadugli-Krongo,29.67,10.83
NC.BANTOID.KAGULU,Atlantic-Congo,37.0,-6.33
NC.BANTOID.KAGURU,Atlantic-Congo,37.0,-6.33
An.OCEANIC.KAIRIRU,Austronesian,143.58,-3.33
NDa.LAK_DARGWA.KAJTAK_DARGI,Nakh-Daghestanian,47.8,42.1
Ele.TATE.KAKI_AE,Kaki_Ae,145.83,-8.0
Kol.KOLOPOM.KALADDARSCH,Kolopom,138.5,-8.0
TNG.MADANG.KALAM,Nuclear_Trans_New_Guinea,144.58,-5.25
An.SAMA_BAJAW.KALEROANG_BAJAU,Austronesian,123.0,-4.33
An.LAMPUNGIC.KALIANDA_LAMPUNG_API,Austronesian,105.0,-5.0
Car.CARIBAN.KALINA,Cariban,-56.0,5.5
Alt.MONGOLIC.KALMYK,Mongolic,44.27,46.32
Bos.BOSAVI.KALULI,Bosavi,142.83,-6.46
Bos.BOSAVI.KALULI_2,Bosavi,142.83,-6.46
TAP.GREATER_ALOR.KAMANG,Timor-Alor-Pantar,124.83,-8.25
TAP.GREATER_ALOR.KAMANG_2,Timor-Alor-Pantar,124.83,-8.25
TAP.GREATER_ALOR.KAMANG_KOLOMANE,Timor-Alor-Pantar,124.83,-8.25
TAP.GREATER_ALOR.KAMANG_LANGKURU,Timor-Alor-Pantar,124.83,-8.25
TAP.GREATER_ALOR.KAMANG_LETLEY,Timor-Alor-Pantar,124.83,-8.25
TAP.GREATER_ALOR.KAMANG_PIDO_I,Timor-Alor-Pantar,124.83,-8.25
TAP.GREATER_ALOR.KAMANG_PIDO_II,Timor-Alor-Pantar,124.83,-8.25
Tor.MARIENBERG.KAMASAU,Nuclear_Torricelli,143.83,-3.83
Tor.MARIENBERG.KAMASAU_2,Nuclear_Torricelli,143.83,-3.83
Tup.TUPI_GUARANI.KAMAYURA,Tupian,-52.58,-12.08
NC.BANTOID.KAMBA_KENYA,Atlantic-Congo,38.0,-1.5
NC.BANTOID.KAMBA_KENYA_2,Atlantic-Congo,38.0,-1.5
Tu.TU.KAM_KA_KE,Tuu,21.0,-31.0
NC.CROSS_RIVER.KANA,Atlantic-Congo,7.42,4.75
Kat.KATUKINAN.KANAMARI,Katukinan,-68.5,-6.5
Dra.SOUTHERN_DRAVIDIAN.KANNADA,Dravidian,76.0,14.0
AA.WEST_CHADIC.KANO,Afro-Asiatic,7.0,12.0
Kpx.KAPIXANA.KANOE,Kanoe,-61.06,-13.33
Sah.WESTERN_SAHARAN.KANURI,Saharan,13.0,12.0
NC.BANTOID.KANYOK,Atlantic-Congo,23.58,-7.33
An.CENTRAL_LUZON.KAPAMPANGAN,Austronesian,120.5,15.33
TNG.ANGAN.KAPAU,Angan,146.25,-7.5
Sep.SEPIK_HILL.KAPRIMAN,Sepik,143.17,-4.5
CSu.BONGO_BAGIRMI.KARA,Central_Sudanic,23.0,10.0
Alt.TURKIC.KARACHAY_BALKAR,Turkic,42.0,43.5
MGe.KARAJA.KARAJA,Nuclear-Macro-Je,-50.33,-10.0
Alt.TURKIC.KARAKALPAK,Turkic,60.0,43.0
IE.IRANIAN.KARAK_PASHTO,Indo-European,71.26,33.16
ST.KUKI_CHIN.KARBI,Sino-Tibetan,93.5,26.33
ST.KAREN.KAREN_SGAW,Sino-Tibetan,97.0,18.0
ST.BODIC.KARGIL_BALTI,Sino-Tibetan,76.0,35.0
ESu.NILOTIC.KARIMOJONG,Nilotic,34.17,3.0
Kri.KARIRI.KARIRI,Unclassifiable_kzw,-37.0,-10.0
Kar.KAROK.KAROK,Karuk,-123.0,41.67
An.NORTHWEST_SUMATRA_BARRIER_ISLANDS.KARO_BATAK,Austronesian,98.25,3.25
Tup.RAMARAMA.KARO_BRAZIL,Tupian,-62.0,-10.33
Pan.PANOAN.KASHIBO_ALTO_AGUAYTIA,Pano-Tacanan,-75.5,-8.5
Pan.PANOAN.KASHIBO_BAJO_AGUAYTIA,Pano-Tacanan,-75.5,-8.5
Pan.PANOAN.KASHIBO_SAN_ALEJANDRO,Pano-Tacanan,-75.5,-8.5
Pan.PANOAN.KASHIBO_SUNGAROYACU,Pano-Tacanan,-75.5,-8.5
IE.INDIC.KASHMIRI,Indo-European,76.0,34.0
An.OCEANIC.KATAZI_BABATANA,Austronesian,157.5,-7.33
Kad.KADUGLI.KATCHA,Kadugli-Krongo,29.67,10.83
Krd.KATLA_TIMA.KATLA,Katla-Tima,29.33,11.83
Kxa.JU_KUNG.KAUEN,Kxa,21.75,-21.33
An.OCEANIC.KAULONG,Austronesian,149.67,-6.17
Tup.TUPI_GUARANI.KAYABI,Tupian,-57.42,-10.92
ST.KAREN.KAYAH_LI_EASTERN,Sino-Tibetan,97.5,19.0
Tan.TANGKIC.KAYARDILD,Tangkic,139.5,-17.05
An.SAMA_BAJAW.KAYUADI_BAJAU,Austronesian,123.0,-4.33
Alt.TURKIC.KAZAN_TATAR,Turkic,49.5,56.0
CSu.MORU_MAADI.KEDIRU,Central_Sudanic,29.75,4.75
AA.CENTRAL_CUSHITIC.KEMANT,Afro-Asiatic,37.42,12.67
AA.CENTRAL_CUSHITIC.KEMANT_2,Afro-Asiatic,37.42,12.67
CSu.BONGO_BAGIRMI.KENGA,Central_Sudanic,18.0,12.0
Tor.MARIENBERG.KENYARI,Nuclear_Torricelli,143.83,-3.83
AA.EAST_CHADIC.KERA,Afro-Asiatic,15.08,9.83
IE.INDIC.KESU_KHOWAR,Indo-European,71.8,35.63
Yen.YENISEIAN.KET,Yeniseian,87.0,64.0
NC.BANTOID.KETE,Atlantic-Congo,22.83,-7.0
Alt.TURKIC.KHALAJ_IRAN,Turkic,50.0,35.0
ST.MAHAKIRANTI.KHALING,Sino-Tibetan,86.67,27.5
ST.MAHAKIRANTI.KHAM,Sino-Tibetan,82.75,28.5
Ura.UGRIC.KHANTY,Uralic,65.0,65.0
ST.BODIC.KHAPALU_BALTI,Sino-Tibetan,76.0,35.0
AuA.MUNDA.KHARIA,Austroasiatic,84.33,22.5
ST.BODIC.KHARMANG_BALTI,Sino-Tibetan,76.0,35.0
IE.INDIC.KHARMANG_SHINA,Indo-European,74.0,36.0
AuA.KHASIAN.KHASI,Austroasiatic,92.0,25.5
AuA.KHASIAN.KHASI_2,Austroasiatic,92.0,25.5
IE.INDIC.KHINAR_CHILAS_SHINA,Indo-European,74.0,36.0
AuA.KHMER.KHMER,Austroasiatic,105.0,12.5
AuA.KHMER.KHMER_2,Austroasiatic,105.0,12.5
AuA.PALAUNG_KHMUIC.KHMU,Austroasiatic,102.0,21.0
AuA.PALAUNG_KHMUIC.KHMU_2,Austroasiatic,102.0,21.0
KK.KHOE_KWADI.KHOEKHOEGOWAB,Khoe-Kwadi,18.0,-25.5
TK.KAM_TAI.KHORAT_THAI,Tai-Kadai,102.1,14.98
KK.KHOE_KWADI.KHWE,Khoe-Kwadi,22.5,-17.5
ST.MAHAKIRANTI.KHWOPA_NEWAR,Sino-Tibetan,85.42,27.67
An.OCEANIC.KILIVILA,Austronesian,151.08,-8.5
Hok.YUMAN.KILIWA,Cochimi-Yuman,-115.67,31.33
Kol.KOLOPOM.KIMAGHAMA,Kolopom,138.5,-8.0
NC.BANTOID.KINAMI_DIBOLE,Atlantic-Congo,17.25,1.08
ST.BODIC.KINNAURI,Sino-Tibetan,78.0,31.5
NC.BANTOID.KINYAMWEZI,Atlantic-Congo,33.0,-5.0
NC.BANTOID.KINYARWANDA,Atlantic-Congo,30.0,-2.0
KT.KIOWA_TANOAN.KIOWA,Kiowa-Tanoan,-99.0,37.0
An.OCEANIC.KIRIBATI,Austronesian,173.0,1.33
NC.BANTOID.KITABWA,Atlantic-Congo,29.5,-8.0
Kiw.KIWAIAN.KIWAI_SOUTHERN,Kiwaian,143.25,-8.58
Pen.KLAMATH_MODOC.KLAMATH,Klamath-Modoc,-121.5,42.5
Mus.MUSKOGEAN.KOASATI,Muskogean,-92.64,30.46
TNG.MADANG.KOBON,Nuclear_Trans_New_Guinea,144.33,-5.17
AuA.BAHNARIC.KOHO_CHIL,Austroasiatic,108.0,11.5
AuA.BAHNARIC.KOHO_SRE,Austroasiatic,108.0,11.5
TNG.KOIARIAN.KOITA,Koiarian,147.08,-9.33
Tup.TUPI_GUARANI.KOKAMA,Tupian,-74.5,-5.0
An.OCEANIC.KOKOTA,Austronesian,159.13,-8.0
PN.NORTHERN_PAMA_NYUNGAN.KOKO_YALANDJI,Pama-Nyungan,145.0,-16.0
ST.BODO_GARO.KOK_BOROK_2,Sino-Tibetan,92.5,24.33
IE.INDIC.KOLAI_SHINA,Indo-European,74.0,36.0
Ijo.IJOID.KOLOKUMA,Ijoid,5.67,4.92
An.SAMA_BAJAW.KOLO_BAWAH_BAJAU,Austronesian,123.0,-4.33
Yka.YUKAGHIR.KOLYMA_YUKAGIR,Yukaghir,150.83,65.75
Tor.KOMBIO_ARAPESH.KOMBIO,Nuclear_Torricelli,142.7,-3.7
Ura.PERMIC.KOMI_ZYRIAN,Uralic,55.0,65.0
NC.BANTOID.KONDA_TWELIA,Atlantic-Congo,21.0,0.0
NC.BANTOID.KONGO_MBOMA,Atlantic-Congo,15.0,-5.0
Pan.PANOAN.KONIBO,Pano-Tacanan,-75.0,-7.5
NC.GUR.KONNI,Atlantic-Congo,-1.58,10.25
NC.BANTOID.KOONGO,Atlantic-Congo,15.0,-5.0
KK.KHOE_KWADI.KORANA,Khoe-Kwadi,20.5,-29.5
Kor.KOREAN.KOREAN,Koreanic,128.0,37.5
Tuc.TUCANOAN.KOREGUAJE,Tucanoan,-75.5,1.0
Tuc.TUCANOAN.KOREGUAYE,Tucanoan,-75.5,1.0
NC.BANTOID.KOREKORE,Atlantic-Congo,31.0,-18.0
AuA.MUNDA.KORKU,Austroasiatic,78.5,22.5
Son.SONGHAY.KOROBORO_SENNI,Songhay,0.0,16.0
Man.WESTERN_MANDE.KOROKAKAN,Mande,-7.45,8.32
NC.GUR.KOROMFE,Atlantic-Congo,-0.92,14.25
TNG.AWJU_DUMUT.KOROWAI,Nuclear_Trans_New_Guinea,140.0,-5.25
CK.NORTHERN_CHUKOTKO_KAMCHATKAN.KORYAK,Chukotko-Kamchatkan,167.0,61.0
An.LAMPUNGIC.KOTA_AGUNG_LAMPUNG_API,Austronesian,105.0,-5.0
Son.SONGHAY.KOYRA_CHIINI,Songhay,-3.0,17.0
NDe.ATHAPASKAN.KOYUKON,Athabaskan-Eyak-Tlingit,-155.0,65.0
MGe.BOTOCUDO.KRENAK,Nuclear-Macro-Je,-41.0,-18.67
Kad.KADUGLI.KRONGO,Kadugli-Krongo,30.0,10.5
An.LAMPUNGIC.KRUI_LAMPUNG_API,Austronesian,105.0,-5.0
NDa.LEZGIC.KRYZ,Nakh-Daghestanian,48.0,41.08
NDa.LAK_DARGWA.KUBACHI_DARGI,Nakh-Daghestanian,47.6,42.09
NDa.LEZGIC.KUBA_LEZGI,Nakh-Daghestanian,48.51,41.36
ESu.NILOTIC.KUKU,Nilotic,31.77,3.75
PN.NORTHERN_PAMA_NYUNGAN.KUKU_UWANH,Pama-Nyungan,142.0,-14.42
TNG.CHIMBU.KUMAN,Nuclear_Trans_New_Guinea,144.98,-5.92
IE.INDIC.KUMAUNI,Indo-European,80.0,30.0
Knm.KUNAMA.KUNAMA,Kunama,37.0,14.5
Ijo.IJOID.KUNBO,Ijoid,5.67,4.92
NC.BANTOID.KUNDU,Atlantic-Congo,9.33,4.83
TNG.GOILALAN.KUNIMAIPA,Goilalan,146.83,-8.0
ST.CHINESE.KUNMING_MANDARIN,Sino-Tibetan,102.7,25.06
Kuo.KUOT.KUOT,Kuot,151.5,-3.05
IE.IRANIAN.KURDISH_CENTRAL,Indo-European,44.0,36.0
Ain.AINU.KURIL_AINU,Ainu,156.31,50.73
Alt.TUNGUSIC.KUR_URMI,Tungusic,134.14,48.5
An.OCEANIC.KUSAIE,Austronesian,163.0,5.3
Ktn.KUTENAI.KUTENAI,Kutenai,-116.0,49.5
Dra.SOUTH_CENTRAL_DRAVIDIAN.KUVI,Dravidian,82.67,18.75
AA.SEMITIC.KUWAITI_ARABIC,Afro-Asiatic,47.98,29.37
An.OCEANIC.KWAIO,Austronesian,161.0,-8.95
NC.BANTOID.KWANGALI,Atlantic-Congo,19.5,-18.0
NC.BANTOID.KWANGALI_2,Atlantic-Congo,19.5,-18.0
Kwz.KWAZA.KWAZA,Kwaza,-60.67,-12.58
ESu.SURMIC.KWEGU,Surmic,36.08,7.0
Sep.MIDDLE_SEPIK.KWOMA,Sepik,142.75,-4.17
KB.KWOMTARI.KWOMTARI,Kwomtari-Nai,141.5,-3.5
KK.KHOE_KWADI.KXOE,Khoe-Kwadi,22.5,-17.5
TNG.ENGAN.KYAKA_ENGA,Nuclear_Trans_New_Guinea,144.08,-5.55
ST.BODIC.KYIRONG,Sino-Tibetan,85.4,28.25
NC.BANTOID.L21_KETE_IPILA,Atlantic-Congo,22.83,-7.0
NC.BANTOID.L21_KETE_KATAMB,Atlantic-Congo,22.83,-7.0
NC.BANTOID.L32_KANYOK_1,Atlantic-Congo,23.58,-7.33
NC.BANTOID.L32_KANYOK_2,Atlantic-Congo,23.58,-7.33
Laal.LAAL.LAAL,Laal,17.67,10.0
An.OCEANIC.LABU,Austronesian,146.92,-6.83
May.MAYAN.LACANDON,Mayan,-91.5,17.0
ST.BODIC.LADAKHI,Sino-Tibetan,78.0,34.0
AA.BIU_MANDARA.LAGWAN,Afro-Asiatic,14.83,11.5
ST.BURMESE_LOLO.LAHU,Sino-Tibetan,98.17,20.0
ST.BURMESE_LOLO.LAHU_2,Sino-Tibetan,98.17,20.0
CSu.MORU_MAADI.LAKAMADI,Central_Sudanic,29.75,4.75
An.SAMA_BAJAW.LAKARAMBA_BAJAU,Austronesian,123.0,-4.33
ST.KUKI_CHIN.LAKHER_MARA,Sino-Tibetan,93.17,23.0
Sio.CORE_SIOUAN.LAKHOTA,Siouan,-101.83,43.83
IE.IRANIAN.LAKKI_MARWAT_PASHTO,Indo-European,70.91,32.6
An.SAMA_BAJAW.LAKONEA_BAJAU,Austronesian,123.0,-4.33
Sio.CORE_SIOUAN.LAKOTA,Siouan,-101.83,43.83
An.OCEANIC.LALA,Austronesian,146.75,-8.92
ST.BURMESE_LOLO.LALO,Sino-Tibetan,100.25,25.0
An.CENTRAL_MALAYO_POLYNESIAN.LAMAHOLOT_ILE_MANDIRI,Austronesian,122.75,-8.25
AA.BIU_MANDARA.LAMANG_HITKALANCHI,Afro-Asiatic,13.74,11.02
IE.INDIC.LAMANI,Indo-European,77.0,17.0
An.LAMPUNGIC.LAMPUNG,Austronesian,105.0,-5.0
An.SAMA_BAJAW.LANGARA_LAUT_BAJAU,Austronesian,123.0,-4.33
ESu.NILOTIC.LANGO,Nilotic,33.0,2.17
TK.KAM_TAI.LAO,Tai-Kadai,103.0,18.0
TK.KAM_TAI.LAOTIEN,Tai-Kadai,103.0,18.0
An.SAMA_BAJAW.LAPULU_BAJAU,Austronesian,123.0,-4.33
DR.LARAGIA.LARRAKIA,Larrakiyan,130.83,-12.67
An.SAMA_BAJAW.LAURU_BAJAU,Austronesian,123.0,-4.33
SoP.LAVUKALEVE.LAVUKALEVE,Lavukaleve,159.2,-9.08
OM.CHINANTECAN.LEALAO_CHINANTEC,Otomanguean,-95.92,17.33
Sko.WESTERN_SKOU.LEITRE,Sko,141.33,-2.75
AA.EAST_CHADIC.LELE_CHAD,Afro-Asiatic,15.58,9.08
An.SAMA_BAJAW.LEMO_BAJAU,Austronesian,123.0,-4.33
An.OCEANIC.LENAKEL_LENAUKAS,Austronesian,169.34,-19.38
An.OCEANIC.LENAKEL_LONASILIAN,Austronesian,169.24,-19.47
CSu.LENDU.LENDU,Central_Sudanic,30.5,2.0
CSu.LENDU.LENDU_DDRADHA,Central_Sudanic,30.05,2.0
CSu.LENDU.LENDU_DJADHA,Central_Sudanic,30.05,2.0
CSu.LENDU.LENDU_NJAWDHA,Central_Sudanic,30.05,2.0
CSu.LENDU.LENDU_PIDHA,Central_Sudanic,30.05,2.0
CSu.LENDU.LENDU_TADHA,Central_Sudanic,30.05,2.0
ST.LEPCHA.LEPCHA,Sino-Tibetan,88.5,27.17
An.CENTRAL_MALAYO_POLYNESIAN.LETINESE,Austronesian,127.67,-8.2
An.OCEANIC.LEWO_FILAKARA,Austronesian,168.47,-16.81
An.OCEANIC.LEWO_MAPREMO,Austronesian,168.17,-16.62
An.OCEANIC.LEWO_MATE,Austronesian,168.33,-16.73
An.OCEANIC.LEWO_NIKAURA,Austronesian,168.22,-16.62
An.OCEANIC.LEWO_NUL,Austronesian,168.32,-16.69
An.OCEANIC.LEWO_NUVI,Austronesian,168.22,-16.63
An.OCEANIC.LEWO_VISINA,Austronesian,168.2,-16.57
NDa.LEZGIC.LEZGI,Nakh-Daghestanian,47.83,41.67
ST.BODIC.LHASA_TIBETAN,Sino-Tibetan,91.1,29.65
Sal.INTERIOR_SALISH.LILLOOET,Salishan,-122.0,50.75
ST.MAHAKIRANTI.LIMBU,Sino-Tibetan,87.75,27.17
NC.UBANGI.LINDA,Atlantic-Congo,20.75,6.5
ST.BURMESE_LOLO.LISU,Sino-Tibetan,98.0,26.0
ST.BURMESE_LOLO.LISU_2,Sino-Tibetan,98.0,26.1
IE.BALTIC.LITHUANIAN,Indo-European,24.0,55.0
TK.HLAI.LI_BAODING,Tai-Kadai,109.33,18.75
TK.HLAI.LI_TONGSHI,Tai-Kadai,109.33,18.75
CSu.MORU_MAADI.LOGO,Central_Sudanic,30.0,3.5
CSu.MORU_MAADI.LOKAI,Central_Sudanic,31.5,3.25
Arw.CARIBBEAN_ARAWAKAN.LOKONO,Arawakan,-55.17,5.5
An.OCEANIC.LOMAUMBI_BABATANA,Austronesian,157.5,-7.33
NC.BANTOID.LOMONGO,Atlantic-Congo,21.0,0.0
An.OCEANIC.LONGGU,Austronesian,160.67,-9.75
ST.BAI.LONGMEN_BAI,Sino-Tibetan,99.9,26.53
An.OCEANIC.LONIU,Austronesian,147.3,-2.07
An.OCEANIC.LOU,Austronesian,147.32,-2.38
ST.BODIC.LOWA,Sino-Tibetan,83.83,28.83
PN.CENTRAL_PAMA_NYUNGAN.LOWER_ARANDA,Pama-Nyungan,132.5,-24.0
Pen.CHINOOKAN.LOWER_CHINOOK,Chinookan,-123.5,46.25
UA.TEPIMAN.LOWER_PIMA,Uto-Aztecan,-111.0,29.0
MZ.MIXE_ZOQUE.LOWLAND_MIXE,Mixe-Zoque,-95.67,16.92
NC.BANTOID.LUGANDA,Atlantic-Congo,32.17,0.5
CSu.MORU_MAADI.LUGBARA,Central_Sudanic,30.92,3.08
UA.CALIFORNIA_UTO_AZTECAN.LUISENO,Uto-Aztecan,-117.17,33.33
An.OCEANIC.LUKEP,Austronesian,147.05,-5.83
NC.BANTOID.LUMBWE,Atlantic-Congo,29.92,-5.17
NC.BANTOID.LUNDA,Atlantic-Congo,24.0,-10.67
NC.BANTOID.LUNDA_1,Atlantic-Congo,24.0,-10.67
NC.BANTOID.LUNDA_2,Atlantic-Congo,24.0,-10.67
ESu.NILOTIC.LUO,Nilotic,34.75,-0.5
ST.KUKI_CHIN.LUSHAI,Sino-Tibetan,92.83,23.17
An.OCEANIC.LUSI,Austronesian,149.67,-5.58
NC.BANTOID.LUVALE,Atlantic-Congo,22.0,-12.0
An.SAMA_BAJAW.LUWUK_BAJAU,Austronesian,123.0,-4.33
NC.BANTOID.M64_TONGA_1,Atlantic-Congo,27.0,-17.0
NC.BANTOID.M64_TONGA_2,Atlantic-Congo,27.0,-17.0
CSu.MORU_MAADI.MAADI,Central_Sudanic,31.5,3.25
ESu.NILOTIC.MAASAI,Nilotic,36.0,-3.0
Mab.MABAN.MABA_CHAD,Maban,20.83,13.75
IE.SLAVIC.MACEDONIAN,Indo-European,21.75,41.67
Car.CARIBAN.MACUSHI,Cariban,-60.0,4.0
AA.BIU_MANDARA.MADA_CAMEROON,Afro-Asiatic,14.17,10.83
An.OCEANIC.MAE,Austronesian,167.25,-16.0
An.OCEANIC.MAE_ORAP,Austronesian,167.28,-15.97
ST.MAHAKIRANTI.MAGAR,Sino-Tibetan,83.0,28.0
ST.MAHAKIRANTI.MAGAR_2,Sino-Tibetan,83.0,28.0
An.RUKAI.MAGA_RUKAI,Austronesian,120.83,22.83
An.SOUTH_HALMAHERA_WEST_NEW_GUINEA.MAILOA,Austronesian,127.5,0.0
TNG.MAILUAN.MAILU,Mailuan,149.3,-10.33
TNG.MAILUAN.MAILU_2,Mailuan,149.3,-10.33
An.OCEANIC.MAISIN,Austronesian,148.8,-9.12
IE.INDIC.MAITHILI,Indo-European,86.0,26.0
WP.NORTH_CENTRAL_BIRDS_HEAD.MAI_BRAT,Maybrat,132.5,-1.33
TAP.MAKASAE_FATALUKU_OIRATA.MAKASAE,Timor-Alor-Pantar,126.6,-8.5
Bul.BULAKA_RIVER.MAKLEW_2,Bulaka_River,139.42,-7.67
Car.CARIBAN.MAKUSHI,Cariban,-60.0,4.0
NC.BANTOID.MAKWA_ALUA,Atlantic-Congo,38.67,-15.0
NC.BANTOID.MAKWA_ILE,Atlantic-Congo,38.67,-15.0
NC.BANTOID.MAKWA_MALEMA,Atlantic-Congo,38.67,-15.0
NC.BANTOID.MAKWA_NAMPULA,Atlantic-Congo,38.67,-15.0
An.BARITO.MALAGASY_AMBOSITRA,Austronesian,47.25,-20.52
An.BARITO.MALAGASY_FIANARANTSOA,Austronesian,47.09,-21.45
An.BARITO.MALAGASY_MERINA,Austronesian,47.52,-18.93
An.BARITO.MALAGASY_PLATEAU_BETSILEO_FIANARANTSOA,Austronesian,47.08,-21.45
An.BARITO.MALAGASY_PLATEAU_MERINA_ANTANANARIVO,Austronesian,47.52,-18.9
An.BARITO.MALAGASY_PLATEAU_SIHANAKA_AMBATONDRAZAKA,Austronesian,48.42,-17.87
An.BARITO.MALAGASY_SIHANAKA,Austronesian,48.54,-17.47
An.BARITO.MALAGASY_TAIMORO,Austronesian,47.9,-22.5
An.ENGGANO.MALAKONI_ENGGANO,Austronesian,102.27,-5.4
WP.NORTH_HALMAHERAN.MALAPA,North_Halmahera,127.58,0.5
Dra.SOUTHERN_DRAVIDIAN.MALAYALAM,Dravidian,76.5,10.0
IE.INDIC.MALDIVIAN,Indo-European,73.5,4.17
An.OCEANIC.MALEU,Austronesian,148.4,-5.72
An.OCEANIC.MALEU_2,Austronesian,148.42,-5.72
Man.WESTERN_MANDE.MALINKE,Mande,-11.0,13.0
An.GREATER_CENTRAL_PHILIPPINE.MAMANWA,Austronesian,125.5,9.42
TNG.BINANDEREAN.MAMBARE_RIVER,Nuclear_Trans_New_Guinea,148.0,-8.25
CSu.MANGBUTU_EFE.MAMVU,Central_Sudanic,29.0,3.25
May.MAYAN.MAM_CABRICAN,Mayan,-91.83,15.42
May.MAYAN.MAM_CAJOLA,Mayan,-91.83,15.42
May.MAYAN.MAM_CONSEPCION_CHIQUIRICHAPA,Mayan,-91.83,15.42
May.MAYAN.MAM_NORTHERN,Mayan,-91.83,15.0
May.MAYAN.MAM_SANTA_BARBARA,Mayan,-91.83,15.42
May.MAYAN.MAM_SANTIAGO_CHIMALTENANGO,Mayan,-91.83,15.42
May.MAYAN.MAM_SAN_GASPAR_IXCHIL,Mayan,-91.83,15.42
May.MAYAN.MAM_SAN_ILDEFONSO_IXTAHUACAN,Mayan,-91.83,15.0
May.MAYAN.MAM_SAN_JUAN_ATITLAN,Mayan,-91.83,15.42
May.MAYAN.MAM_SAN_JUAN_OSTUNCALCO,Mayan,-91.83,15.42
May.MAYAN.MAM_SAN_MARTIN_SACATEPEQUEZ,Mayan,-91.83,15.42
May.MAYAN.MAM_SAN_MIGUEL_SIGUILA,Mayan,-91.83,15.42
May.MAYAN.MAM_SAN_PEDRO_NECTA,Mayan,-91.83,15.42
May.MAYAN.MAM_SAN_RAFAEL_PETZAL,Mayan,-91.83,15.0
May.MAYAN.MAM_SAN_SEBASTIAN_H,Mayan,-91.83,15.0
May.MAYAN.MAM_TACANA_1,Mayan,-92.13,15.3
May.MAYAN.MAM_TACANA_2,Mayan,-92.13,15.3
May.MAYAN.MAM_TACANA_3,Mayan,-92.13,15.3
May.MAYAN.MAM_TODOS_SANTOS_CUCHUMATAN_1,Mayan,-91.5,15.5
May.MAYAN.MAM_TODOS_SANTOS_CUCHUMATAN_2,Mayan,-91.5,15.5
May.MAYAN.MAM_TODOS_SANTOS_CUCHUMATAN_3,Mayan,-91.5,15.5
An.MALAYO_SUMBAWAN.MANADONESE,Austronesian,124.83,1.5
An.OCEANIC.MANAM,Austronesian,145.0,-4.0
Alt.TUNGUSIC.MANCHU,Tungusic,127.5,49.5
Alt.TUNGUSIC.MANCHU_2,Tungusic,127.5,49.5
Alt.TUNGUSIC.MANCHU_3,Tungusic,127.5,49.5
Sio.CORE_SIOUAN.MANDAN,Siouan,-102.5,46.5
ST.CHINESE.MANDARIN,Sino-Tibetan,110.0,34.0
ST.CHINESE.MANDARIN_2,Sino-Tibetan,110.0,34.0
Man.WESTERN_MANDE.MANDINKA,Mande,-16.0,13.42
An.OCEANIC.MANGAP,Austronesian,148.08,-5.67
MM.MANGARRAYI.MANGARAYI,Mangarrayi-Maran,133.5,-14.67
An.CENTRAL_MALAYO_POLYNESIAN.MANGGARAI,Austronesian,120.33,-8.67
Man.EASTERN_MANDE.MANN,Mande,-9.0,7.0
An.GREATER_CENTRAL_PHILIPPINE.MANOBO_WESTERN_BUKIDNON,Austronesian,124.83,7.67
Ura.UGRIC.MANSI,Uralic,62.0,62.0
An.RUKAI.MANTAURAN,Austronesian,120.8,22.83
An.RUKAI.MANTAURAN_RUKAI,Austronesian,120.83,22.83
An.OCEANIC.MAORI,Austronesian,176.0,-40.0
Sep.MIDDLE_SEPIK.MAPRIK,Ndu,143.0,-3.83
Arc.ARAUCANIAN.MAPUDUNGUN,Araucanian,-72.0,-38.0
Arc.ARAUCANIAN.MAPUDUNGUN_2,Araucanian,-72.0,-38.0
Arc.ARAUCANIAN.MAPUDUNGUN_3,Araucanian,-72.0,-38.0
Car.CARIBAN.MAQUIRITARI,Cariban,-65.0,5.5
ST.BODIC.MAQU_TIBETAN,Sino-Tibetan,102.07,34.0
WD.WAGAYDY.MARANUNGGU,Western_Daly,130.0,-13.67
IE.INDIC.MARATHI,Indo-European,76.0,19.0
IE.INDIC.MARATHI_2,Indo-European,76.0,19.0
AA.BIU_MANDARA.MARGI,Afro-Asiatic,13.0,11.0
MZ.MIXE_ZOQUE.MARIA_CHIMALAPA,Mixe-Zoque,-94.68,16.9
Hok.YUMAN.MARICOPA,Cochimi-Yuman,-113.17,33.17
An.GREATER_CENTRAL_PHILIPPINE.MARINDUQUE_TAGALOG,Austronesian,121.0,15.0
WD.BRINGEN.MARITHIEL,Western_Daly,130.0,-13.83
ST.BODIC.MARPHATAN_THAKALI,Sino-Tibetan,83.45,29.0
PN.WESTERN_PAMA_NYUNGAN.MARTUTHUNIRA,Pama-Nyungan,116.5,-20.83
ST.BURMESE_LOLO.MARU,Sino-Tibetan,98.5,23.5
Mab.MABAN.MASALIT,Maban,22.0,13.33
AA.MASA.MASANA,Afro-Asiatic,15.5,10.5
AA.MASA.MASANA_POGO,Afro-Asiatic,15.25,10.25
Tu.TU.MASARWA_KAKIA,Tuu,21.5,-24.0
Mat.MATACOAN.MATACO,Matacoan,-62.58,-22.5
Pan.PANOAN.MATIS,Pano-Tacanan,-70.25,-4.42
Man.WESTERN_MANDE.MAUKAKAN,Mande,-7.87,8.23
An.OCEANIC.MAUTUTU,Austronesian,150.7,-5.78
Iwa.IWAIDJAN.MAWNG,Iwaidjan_Proper,133.5,-11.92
NC.UBANGI.MAYOGO,Atlantic-Congo,28.17,3.17
An.ATAYALIC.MAYRINAX_ATAYAL,Austronesian,121.33,24.5
NC.UBANGI.MBA,Atlantic-Congo,25.0,1.0
AA.BIU_MANDARA.MBARA,Afro-Asiatic,15.42,11.0
CSu.BONGO_BAGIRMI.MBAY,Central_Sudanic,17.5,8.25
NC.BANTOID.MBEDE,Atlantic-Congo,14.0,-0.5
NC.BANTOID.MBEDE_2,Atlantic-Congo,14.0,-0.5
NC.BANTOID.MBOSHI,Atlantic-Congo,15.58,-1.33
NC.BANTOID.MBOSHI_BUNJI,Atlantic-Congo,15.58,-1.33
NC.BANTOID.MBOSHI_NGOLO,Atlantic-Congo,15.58,-1.33
NC.BANTOID.MBOSHI_OLEE,Atlantic-Congo,15.58,-1.33
An.OCEANIC.MBULA_PAPUA_NEW_GUINEA,Austronesian,148.08,-5.67
NC.ADAMAWA.MBUM,Atlantic-Congo,13.17,7.75
ESu.SURMIC.MEEN,Surmic,37.0,5.0
AA.SEMITIC.MEHRI,Afro-Asiatic,51.5,17.0
AA.SEMITIC.MEHRI_2,Afro-Asiatic,51.5,17.0
Ijo.IJOID.MEIN,Ijoid,5.67,4.92
ST.KUKI_CHIN.MEITEI,Sino-Tibetan,94.0,24.75
Tup.TUPARI.MEKENS,Tupian,-61.5,-12.5
An.OCEANIC.MEKEO,Austronesian,146.5,-8.33
An.OCEANIC.MELE,Austronesian,168.25,-17.63
Man.WESTERN_MANDE.MENDE,Mande,-11.5,7.83
TNG.ANGAN.MENYA,Angan,146.0,-7.25
TNG.ANGAN.MENYA_2,Angan,146.0,-7.25
OM.SUBTIABA_TLAPANEC.MEPHAA_ACATEPEC,Otomanguean,-99.0,17.08
WF.WESTERN_FLY.MERIAM,Eastern_Trans-Fly,144.08,-9.92
ESu.SURMIC.MESENGO,Surmic,35.0,6.75
ST.MAHAKIRANTI.MEWA_KHOLA_LIMBU,Sino-Tibetan,87.62,27.43
EBH.EAST_BIRDS_HEAD.MEYAH,East_Bird_s_Head,133.5,-1.17
TNG.OK.MIAN,Nuclear_Trans_New_Guinea,141.62,-4.9
MZ.MIXE_ZOQUE.MIGUEL_CHIMALAPA,Mixe-Zoque,-94.75,16.71
NDa.LEZGIC.MIKRAKH_LEZGI,Nakh-Daghestanian,47.88,41.37
An.MALAYO_SUMBAWAN.MINANGKABAU,Austronesian,101.0,-1.0
An.OCEANIC.MINAVEHA,Austronesian,150.47,-9.6
IE.IRANIAN.MIRAN_SHAH_PASHTO,Indo-European,70.07,33.0
Kad.KADUGLI.MIRI,Kadugli-Krongo,29.67,10.83
Alt.TURKIC.MISHER_TATAR,Turkic,49.0,55.5
ST.TANI.MISING,Sino-Tibetan,94.83,28.5
Mis.MISUMALPAN.MISKITO,Misumalpan,-83.67,14.0
OM.MIXTECAN.MIXTECO_DE_YOSONDUA,Otomanguean,-97.58,16.92
OM.MIXTECAN.MIXTEC_PENYOLES,Otomanguean,-96.92,17.08
AA.WEST_CHADIC.MIYA,Afro-Asiatic,9.67,10.92
CSu.MORU_MAADI.MIZA,Central_Sudanic,29.75,4.75
AuA.PALAUNG_KHMUIC.MLABRI,Austroasiatic,101.0,18.5
Gcu.SOUTH_GUAICURUAN.MOCOVI,Guaicuruan,-62.0,-27.0
CSu.BONGO_BAGIRMI.MODO,Central_Sudanic,30.0,6.0
AA.BIU_MANDARA.MOFU_GUDUR,Afro-Asiatic,14.0,10.5
An.OCEANIC.MOKILESE,Austronesian,159.75,6.67
NDa.AVAR_ANDIC_TSEZIC.MOKOK_TSEZ,Nakh-Daghestanian,45.9,42.26
AuA.MONIC.MON,Austroasiatic,100.5,14.83
NC.BANTOID.MONGO,Atlantic-Congo,21.0,0.0
Alt.MONGOLIC.MONGOLIAN,Mongolic,105.0,47.0
Sen.SENAGI.MONGOWAR,Senagi,141.0,-3.58
NC.BANTOID.MONGO_LOSAKANI_NTOMBA,Atlantic-Congo,21.0,0.0
NC.BANTOID.MONGO_OPALA,Atlantic-Congo,21.0,0.0
Alt.MONGOLIC.MONGUOR,Mongolic,102.0,36.0
TNG.WISSEL_LAKES_KEMANDOGA.MONI_2,Nuclear_Trans_New_Guinea,137.0,-3.67
AuA.MONIC.MON_2,Austroasiatic,100.5,14.83
AuA.MONIC.MON_NONG_DUU,Austroasiatic,100.5,14.83
NC.GUR.MOORE,Atlantic-Congo,-1.25,12.83
An.OCEANIC.MOORIORI,Austronesian,-176.53,-44.0
An.SOUTH_HALMAHERA_WEST_NEW_GUINEA.MOR,Austronesian,135.8,-3.0
An.SAMA_BAJAW.MORAMO_BAJAU,Austronesian,123.0,-4.33
Krd.HEIBAN.MORO,Heibanic,30.17,11.0
AA.SEMITIC.MOROCCAN_ARABIC,Afro-Asiatic,-6.0,34.0
AA.SEMITIC.MOROCCAN_ARABIC_2,Afro-Asiatic,-6.0,34.0
Mra.MORAORI.MORORI,Moraori,140.67,-8.58
Mos.MOSETENAN.MOSETEN,Moseten-Chimane,-67.83,-14.75
An.OCEANIC.MOTLAV,Austronesian,167.69,-13.66
An.OCEANIC.MOTU,Austronesian,147.0,-9.33
EB.EAST_BOUGAINVILLE.MOTUNA,South_Bougainville,155.42,-6.62
NC.BANTOID.MOUNDA_DIBOLE,Atlantic-Congo,17.25,1.08
TNG.KOIARIAN.MOUNTAIN_KOIARI,Koiarian,147.5,-9.0
TNG.KOIARIAN.MOUNTAIN_KOIARI_2,Koiarian,147.5,-9.0
NC.BANTOID.MPONDO,Atlantic-Congo,27.0,-32.0
NC.BANTOID.MPONDOMISE,Atlantic-Congo,27.0,-32.0
WP.KEBAR.MPUR,Mpur,133.25,-0.75
Tor.KOMBIO_ARAPESH.MUFIAN,Nuclear_Torricelli,142.96,-3.58
NDa.LAK_DARGWA.MUIRI_DARGI,Nakh-Daghestanian,47.63,42.16
ND.NORTHERN_DALY.MULLUKMULLUK,Northern_Daly,130.42,-13.42
An.CELEBIC.MUNA,Austronesian,122.42,-5.0
NC.ADAMAWA.MUNDANG,Atlantic-Congo,14.5,9.67
AuA.MUNDA.MUNDARI,Austroasiatic,84.67,23.0
AuA.MUNDA.MUNDARI_2,Austroasiatic,84.67,23.0
AA.BIU_MANDARA.MUNJUK,Afro-Asiatic,14.92,10.83
AA.WEST_CHADIC.MUPUN,Afro-Asiatic,8.83,9.5
ESu.SURMIC.MURLE,Surmic,33.5,6.5
SD.MURRINH_PATHA.MURRINH_PATHA_1,Southern_Daly,129.67,-14.67
SD.MURRINH_PATHA.MURRINH_PATHA_2,Southern_Daly,129.67,-14.67
ESu.SURMIC.MURSI,Surmic,36.08,5.58
Brs.BURUSHASKI.MURTAZABAD_HUNZA_BURUSHASKI,Burushaski,74.5,36.5
AA.BIU_MANDARA.MUSGU_B,Afro-Asiatic,14.92,10.83
AA.BIU_MANDARA.MUSGU_D_PLUS_RD,Afro-Asiatic,14.92,10.83
AA.BIU_MANDARA.MUSGU_K,Afro-Asiatic,14.92,10.83
AA.BIU_MANDARA.MUSGU_O,Afro-Asiatic,14.92,10.83
AA.BIU_MANDARA.MUSGU_R,Afro-Asiatic,14.92,10.83
An.OCEANIC.MUSOM,Austronesian,147.0,-6.58
An.OCEANIC.MUSOM_2,Austronesian,147.0,-6.58
Sal.CENTRAL_SALISH.MUSQUEAM,Salishan,-122.5,49.25
An.OCEANIC.MUSSAU_EMIRA,Austronesian,149.5,-1.5
Pen.COSTANOAN.MUTSUN,Miwok-Costanoan,-121.5,36.83
AA.WEST_CHADIC.MWAGHAVUL,Afro-Asiatic,8.83,9.5
NC.BANTOID.MWERA,Atlantic-Congo,39.0,-9.0
NC.BANTOID.MWINI,Atlantic-Congo,39.0,-6.5
NC.BANTOID.MWINI_2,Atlantic-Congo,39.0,-6.5
TNG.FINISTERRE_HUON.NABAK,Nuclear_Trans_New_Guinea,147.0,-6.42
IE.INDIC.NAGAR_SHINA,Indo-European,74.0,36.0
ST.KUKI_CHIN.NAGA_AO,Sino-Tibetan,94.67,26.58
ST.NORTHERN_NAGA.NAGA_CHANG,Sino-Tibetan,94.75,26.33
ST.KUKI_CHIN.NAGA_LOTHA,Sino-Tibetan,94.25,26.5
ST.KUKI_CHIN.NAGA_MAO,Sino-Tibetan,94.33,25.5
ST.NORTHERN_NAGA.NAGA_NOCTE,Sino-Tibetan,95.5,27.0
ST.KUKI_CHIN.NAGA_SUMI,Sino-Tibetan,94.5,26.0
ST.KUKI_CHIN.NAGA_TANGKHUL,Sino-Tibetan,94.5,25.0
ST.KUKI_CHIN.NAGA_TARAO,Sino-Tibetan,94.17,24.25
ST.KUKI_CHIN.NAGA_ZEME,Sino-Tibetan,93.5,25.17
UA.AZTECAN.NAHUATL_POMARO_AQUILA,Uto-Aztecan,-103.0,18.5
An.OCEANIC.NAKANAI,Austronesian,150.58,-5.58
An.OCEANIC.NAKANAI_2,Austronesian,150.58,-5.58
An.OCEANIC.NALIK,Austronesian,151.33,-2.95
KK.KHOE_KWADI.NAMA,Khoe-Kwadi,18.0,-25.5
KK.KHOE_KWADI.NAMA_2,Khoe-Kwadi,18.0,-25.5
Sep.YELLOW_RIVER.NAMIA,Sepik,141.78,-3.84
TNG.FASU.NAMUMI,Fasu,143.33,-6.58
AuA.NICOBARESE.NANCAWRI,Austroasiatic,93.5,8.05
NC.BANTOID.NANDE,Atlantic-Congo,29.17,-0.08
NC.BANTOID.NANDE_SHU,Atlantic-Congo,29.17,-0.08
NC.BANTOID.NANDE_SWAGA,Atlantic-Congo,29.17,-0.08
ESu.NILOTIC.NANDI,Nilotic,35.0,0.25
ESu.NILOTIC.NANDI_2,Nilotic,35.0,0.25
ST.BURMESE_LOLO.NANJIANG,Sino-Tibetan,100.25,25.0
TNG.FINISTERRE_HUON.NANKINA,Nuclear_Trans_New_Guinea,146.45,-5.78
An.OCEANIC.NANUMEA,Austronesian,176.12,-5.67
ESu.NARA.NARA,Nara,37.58,15.08
IE.SLAVIC.NASHTA,Indo-European,22.98,40.74
EB.EAST_BOUGAINVILLE.NASIOI,South_Bougainville,155.58,-6.33
NDe.ATHAPASKAN.NAVAHO,Athabaskan-Eyak-Tlingit,-108.0,36.17
NDe.ATHAPASKAN.NAVAJO,Athabaskan-Eyak-Tlingit,-108.0,36.17
IE.INDIC.NAWAR_ZUTT,Indo-European,35.0,32.0
Brs.BURUSHASKI.NAZIMABAD_HUNZA_BURUSHASKI,Burushaski,74.5,36.5
NC.BANTOID.NDONGA,Atlantic-Congo,17.0,-18.0
NC.BANTOID.NDONGA_2,Atlantic-Congo,17.0,-18.0
NC.BANTOID.NDOUBA,Atlantic-Congo,14.0,-0.5
SoP.BILUA.NDOVELE_BILUA,Bilua,156.67,-7.75
NC.BANTOID.NDUMU,Atlantic-Congo,13.58,-1.67
NC.BANTOID.NDUMU_2,Atlantic-Congo,13.58,-1.67
NC.UBANGI.NDUNGA,Atlantic-Congo,21.5,2.25
NC.NORTHERN_ATLANTIC.NDUT_FALOR,Atlantic-Congo,-16.92,14.92
NC.BANTOID.NDUUMO,Atlantic-Congo,13.58,-1.67
An.OCEANIC.NEHAN,Austronesian,154.2,-4.5
Ura.SAMOYEDIC.NENETS,Uralic,72.0,69.0
AA.SEMITIC.NEO_ARAMAIC,Afro-Asiatic,35.0,31.75
NC.KRU.NEYO,Atlantic-Congo,-6.0,5.0
Pen.SAHAPTIAN.NEZ_PERCE,Sahaptian,-116.0,46.0
Pen.MAIDUAN.NE_MAIDU,Maiduan,-120.67,40.0
PN.WESTERN_PAMA_NYUNGAN.NGAANYATJARRA,Pama-Nyungan,126.5,-26.0
Chi.GUAYMIIC.NGABERE_MOVE,Chibchan,-83.42,9.75
CSu.BONGO_BAGIRMI.NGAMBAY,Central_Sudanic,16.0,8.67
Gun.NGANDI.NGANDI,Gunwinyguan,135.0,-13.83
Wor.WORRORRAN.NGARINYIN,Worrorran,126.0,-16.33
NC.BANTOID.NGELEMA_1,Atlantic-Congo,25.0,1.75
NC.BANTOID.NGELEMA_2,Atlantic-Congo,25.0,1.75
NC.BANTOID.NGELIMA,Atlantic-Congo,25.0,1.75
An.OCEANIC.NGGELA,Austronesian,160.3,-9.08
CSu.LENDU.NGITI,Central_Sudanic,30.25,1.67
AA.WEST_CHADIC.NGIZIM,Afro-Asiatic,10.92,12.08
WP.NORTH_HALMAHERAN.NGOFABOBAWA,North_Halmahera,127.58,0.5
An.SOUTH_HALMAHERA_WEST_NEW_GUINEA.NGOFAGITA,Austronesian,127.5,0.0
An.SOUTH_HALMAHERA_WEST_NEW_GUINEA.NGOFAKIAHA,Austronesian,127.5,0.0
NC.BANTOID.NGONI,Atlantic-Congo,36.0,-11.0
NC.BANTOID.NGONI_2,Atlantic-Congo,30.0,-30.0
NC.BANTOID.NGONI_MALAWI,Atlantic-Congo,34.0,-14.0
NC.BANTOID.NGUMBO_TAABWA,Atlantic-Congo,29.5,-8.0
ESu.NILOTIC.NGYEPU,Nilotic,31.82,3.85
An.NORTHWEST_SUMATRA_BARRIER_ISLANDS.NIAS_NORTHERN,Austronesian,97.75,1.0
An.NORTHWEST_SUMATRA_BARRIER_ISLANDS.NIAS_SOUTHERN,Austronesian,97.75,1.0
Yan.YANOMAM.NINAM,Yanomamic,-62.83,3.5
IE.SLAVIC.NINILCHIK_RUSSIAN,Indo-European,-151.54,59.99
Pen.MAIDUAN.NISENAN,Maiduan,-121.0,39.0
ST.TANI.NISHING,Sino-Tibetan,93.5,27.5
ST.TANI.NISI,Sino-Tibetan,93.5,27.5
An.OCEANIC.NIUE,Austronesian,-170.12,-19.05
NC.BANTOID.NKOMO_KELLE,Atlantic-Congo,14.0,-0.5
NC.BANTOID.NKOMO_OLOLI,Atlantic-Congo,14.0,-0.5
NC.BANTOID.NKORE_KIGA,Atlantic-Congo,29.83,-0.92
ST.NORTHERN_NAGA.NOCTE,Sino-Tibetan,95.5,27.0
NC.NORTHERN_ATLANTIC.NON,Atlantic-Congo,-16.83,14.83
NC.BANTOID.NONI,Atlantic-Congo,10.58,6.42
May.MAYAN.NORTHERN_CAKCHIQUEL_SAN_MARTIN_JILOTEPEQUE,Mayan,-90.79,14.79
May.MAYAN.NORTHERN_CAKCHIQUEL_TECPAN,Mayan,-90.99,14.76
Cho.CHOCO.NORTHERN_EMBERA,Chocoan,-77.17,6.83
May.MAYAN.NORTHERN_MAM_SAN_ILDEFONSO_IXTAHUACAN,Mayan,-91.83,15.42
UA.NUMIC.NORTHERN_PAIUTE,Uto-Aztecan,-118.0,42.0
UA.NUMIC.NORTHERN_PAIUTE_BANNOCK,Uto-Aztecan,-117.62,41.97
UA.TEPIMAN.NORTHERN_TEPEHUAN,Uto-Aztecan,-107.0,26.33
An.OCEANIC.NORTH_EFATE_NGUNA,Austronesian,168.36,-17.44
An.OCEANIC.NORTH_EFATE_PWELE,Austronesian,168.49,-17.48
An.OCEANIC.NORTH_EFATE_SESAKE,Austronesian,168.33,-17.09
An.OCEANIC.NORTH_EFATE_SIVIRI,Austronesian,168.35,-17.55
An.OCEANIC.NORTH_EFATE_WORAVIU,Austronesian,168.56,-16.87
An.OCEANIC.NORTH_MALO,Austronesian,167.13,-15.67
Ura.SAAMI.NORTH_SAAMI,Uralic,24.0,69.0
NC.BANTOID.NTSIAMI,Atlantic-Congo,14.0,-0.5
ESu.NILOTIC.NUER,Nilotic,32.0,8.33
An.SOUTH_HALMAHERA_WEST_NEW_GUINEA.NUMFOR,Austronesian,134.9,-1.05
TK.KAM_TAI.NUNG,Tai-Kadai,106.42,21.92
ST.NUNGISH.NUNG_CHINA,Sino-Tibetan,98.33,28.0
ST.BURMESE_LOLO.NUOSU_YI,Sino-Tibetan,102.27,27.88
NC.NUPOID.NUPE,Atlantic-Congo,5.42,9.1
Tu.TU.NU_EN,Tuu,21.5,-24.0
NC.BANTOID.NYAMWEZI,Atlantic-Congo,33.0,-5.0
ESu.NILOTIC.NYANGGWARA,Nilotic,30.08,5.1
NC.BANTOID.NYANJA,Atlantic-Congo,34.0,-14.0
NC.BANTOID.NYANJA_2,Atlantic-Congo,34.0,-14.0
NC.BANTOID.NYANJA_NYASA,Atlantic-Congo,34.0,-14.0
NC.UBANGI.NZAKARA,Atlantic-Congo,23.0,5.0
TNG.EASTERN_HIGHLANDS.N_TAIRORA,Nuclear_Trans_New_Guinea,146.0,-6.5
Teq.TEQUISTLATECAN.OAXACA_CHONTAL,Tequistlatecan,-95.75,16.0
NC.BANTOID.OBAA,Atlantic-Congo,14.0,-0.5
NC.BANTOID.OBELI,Atlantic-Congo,14.0,-0.5
NC.CROSS_RIVER.OBOLO,Atlantic-Congo,7.83,4.58
OM.MATLATZINCAN.OCUILTECO,Otomanguean,-99.67,18.92
IE.INDIC.ODIR_KHOWAR,Indo-European,72.4,36.35
Ijo.IJOID.OGBE_IJO,Ijoid,5.67,4.92
Ijo.IJOID.OGBOIN,Ijoid,5.67,4.92
NC.CROSS_RIVER.OGBRONUAGUM,Atlantic-Congo,6.87,4.75
Ijo.IJOID.OGULAGHA,Ijoid,5.67,4.92
Alg.ALGONQUIAN.OJIBWA_EASTERN,Algic,-80.0,46.0
NC.DEFOID.OKA,Atlantic-Congo,5.68,7.95
Tor.WAPEI_PALEI.OLO_ERETEI,Nuclear_Torricelli,142.0,-3.42
Tor.WAPEI_PALEI.OLO_LUMI,Nuclear_Torricelli,142.0,-3.42
Tor.WAPEI_PALEI.OLO_YEBIL,Nuclear_Torricelli,142.0,-3.42
Sio.CORE_SIOUAN.OMAHA_PONCA,Siouan,-97.5,42.5
An.OCEANIC.ONEIBIA_AROSI,Austronesian,161.33,-10.25
Wak.NORTHERN_WAKASHAN.OOWEKYALA,Wakashan,-127.15,51.41
UA.CAHITA.OPATA,Uto-Aztecan,-110.06,31.15
Ijo.IJOID.OPEREMO,Ijoid,5.67,4.92
Ijo.IJOID.OPOROMO,Ijoid,5.67,4.92
Krd.RASHAD.ORIG,Rashad,30.83,12.02
NC.BANTOID.OROKO,Atlantic-Congo,9.33,4.83
TO.ORYA.ORYA_2,Tor-Orya,139.83,-2.75
Sio.CORE_SIOUAN.OSAGE,Siouan,-94.0,37.0
OM.OTOMIAN.OTOMI_DE_1776,Otomanguean,-99.67,21.33
OM.OTOMIAN.OTOMI_MEZQUITAL,Otomanguean,-99.17,20.17
NC.BANTOID.OYABI,Atlantic-Congo,14.0,-0.5
Ijo.IJOID.OYAKIRI,Ijoid,5.67,4.92
NC.BANTOID.OYUOMI_MBAMA,Atlantic-Congo,14.0,-0.5
NC.BANTOID.OYUOMI_TCHERRE,Atlantic-Congo,14.0,-0.5
An.OCEANIC.PAAMA_FAULILI,Austronesian,168.35,-16.52
An.OCEANIC.PAAMA_LAUL,Austronesian,168.27,-16.71
An.OCEANIC.PAAMA_LIRONESA,Austronesian,168.24,-16.48
AA.WEST_CHADIC.PAANCI,Afro-Asiatic,9.33,11.0
An.SAMA_BAJAW.PADEI_LAUT_BAJAU,Austronesian,123.0,-4.33
Pae.PAEZAN.PAEZ,Paez,-76.0,2.67
Pae.PAEZAN.PAEZ_2,Paez,-76.0,2.67
AuA.MUNDA.PAHARPUR_SANTALI,Austroasiatic,87.0,24.5
An.PAIWAN.PAIWAN,Austronesian,120.8,22.5
CW.CHAPACURA_WANHAN.PAKAANOVA,Chapacuran,-65.0,-11.33
IE.INDIC.PALAS_SHINA,Indo-European,74.0,36.0
An.PALAUAN.PALAUAN,Austronesian,134.6,7.5
Arw.EASTERN_ARAWAKAN.PALIKUR,Arawakan,-51.0,3.0
UA.NUMIC.PANAMINT,Uto-Aztecan,-117.0,37.0
MGe.GE_KAINGANG.PANARA,Nuclear-Macro-Je,-53.0,-11.3
CSu.MORU_MAADI.PANDIKERI,Central_Sudanic,31.5,3.25
An.ATAYALIC.PARAN_TAROKO,Austronesian,121.42,24.17
NC.BANTOID.PARE,Atlantic-Congo,36.5,-4.0
NC.BANTOID.PARE_2,Atlantic-Congo,36.5,-4.0
NC.BANTOID.PARE_SUD,Atlantic-Congo,36.5,-4.0
NC.BANTOID.PARE_TANZANIA,Atlantic-Congo,36.5,-4.0
IE.INDIC.PARGAM_NISAR_KHOWAR,Indo-European,72.52,36.28
ESu.NILOTIC.PARI,Nilotic,32.5,5.0
Tor.MARIENBERG.PARUWA,Nuclear_Torricelli,143.83,-3.83
An.OCEANIC.PATEP,Austronesian,146.58,-6.92
AuA.MUNDA.PATICHORA_SANTALI,Austroasiatic,87.0,24.5
An.CENTRAL_MALAYO_POLYNESIAN.PAULOHI,Austronesian,128.8,-3.25
Aru.ARAUAN.PAUMARI,Arawan,-64.0,-6.0
Teb.PAWAIAN.PAWAIA,Pawaia,145.08,-7.0
NC.BANTOID.PEMBA,Atlantic-Congo,39.0,-6.5
AA.WEST_CHADIC.PERO,Afro-Asiatic,11.0,9.58
AA.WEST_CHADIC.PERO_2,Afro-Asiatic,11.0,9.58
IE.IRANIAN.PERSIAN,Indo-European,54.0,32.0
Slb.PIAROA.PIAROA,Jodi-Saliban,-67.0,5.0
Gcu.SOUTH_GUAICURUAN.PILAGA,Guaicuruan,-60.0,-25.0
UA.TEPIMAN.PIMA_BAJO,Uto-Aztecan,-111.0,29.0
UA.AZTECAN.PIPIL,Uto-Aztecan,-89.58,13.83
Mur.MURA.PIRAHA,Mura-Piraha,-62.0,-7.0
An.SAMA_BAJAW.PITULUA_BAJAU,Austronesian,123.0,-4.33
AA.BIU_MANDARA.PODOKO,Afro-Asiatic,14.08,11.0
An.OCEANIC.POHNPEIAN,Austronesian,158.3,6.88
ESu.NILOTIC.POKOT,Nilotic,35.5,1.5
Sko.SERRA_HILLS.POKO_RAWO,Sko,141.58,-2.83
IE.SLAVIC.POLISH,Indo-European,20.0,52.0
Sko.WARAPU.POO,Sko,141.92,-3.08
IE.ROMANCE.PORTUGUESE,Indo-European,-8.0,39.0
An.OCEANIC.PORT_SANDWICH,Austronesian,167.81,-16.46
TK.KAM_TAI.PO_AI,Tai-Kadai,104.75,22.42
IE.NURISTANI.PRASUNI,Indo-European,71.0,35.5
An.LAMPUNGIC.PUBIAN_LAMPUNG_API,Austronesian,105.0,-5.0
Aym.AYMARAN.PUKI,Aymaran,-69.0,-17.0
An.OCEANIC.PULO_ANNA,Austronesian,132.3,5.33
An.OCEANIC.PULUWATESE,Austronesian,149.3,7.33
AB.ANSON_BAY.PUNGUPUNGU,Anson_Bay,130.17,-13.17
IE.INDIC.PUNIAL_SHINA,Indo-European,74.0,36.0
IE.INDIC.PUNJABI_MAJHI,Indo-European,74.0,31.0
Tar.TARASCAN.PUREPECHA,Tarascan,-101.67,19.5
Tar.TARASCAN.PURHEPECHA,Tarascan,-101.67,19.5
Tar.TARASCAN.PURHEPECHA_2,Tarascan,-101.67,19.5
ST.BODIC.PURIK,Sino-Tibetan,76.0,34.67
Que.QUECHUAN.QUECHUA_IMBABURA,Quechuan,-78.0,0.33
Que.QUECHUAN.QUICHUA_IMBABURA_2,Quechuan,-78.23,0.27
Chk.CHIMAKUAN.QUILEUTE,Chimakuan,-124.25,47.92
An.OCEANIC.RAGA,Austronesian,168.16,-15.53
AuA.MUNDA.RAJARAMPUR_SANTALI,Austroasiatic,87.0,24.5
Chi.RAMA.RAMA,Chibchan,-83.75,11.75
Sko.WARAPU.RAMO,Sko,141.58,-2.83
An.LAMPUNGIC.RANAU_LAMPUNG_API,Austronesian,105.0,-5.0
ST.BODIC.RANG_PAS,Sino-Tibetan,79.33,30.33
Arc.ARAUCANIAN.RANQUELCHE,Araucanian,-72.0,-38.0
An.OCEANIC.RAPA_NUI,Austronesian,-109.0,-27.0
AuA.MUNDA.RASHIDPUR_SANTALI,Austroasiatic,87.0,24.5
AuA.MUNDA.RAUTNAGAR_SANTALI,Austroasiatic,87.0,24.5
ST.NUNGISH.RAWANG,Sino-Tibetan,97.5,27.5
AuA.MUNDA.REMO,Austroasiatic,82.0,18.0
Arw.INLAND_NORTHERN_ARAWAKAN.RESIGARO,Arawakan,-71.5,-2.42
Arw.INLAND_NORTHERN_ARAWAKAN.RESIGARO_2,Arawakan,-71.5,-2.42
ST.BODIC.RGYALTHANG,Sino-Tibetan,98.65,28.47
IE.ROMANCE.ROMANIAN,Indo-European,25.0,46.0
IE.ROMANCE.ROMANIAN_2,Indo-European,25.0,46.0
IE.ROMANCE.ROMANSH_GRISHUN,Indo-European,9.93,46.55
IE.ROMANCE.ROMANSH_SURMIRAN,Indo-European,9.93,46.55
IE.ROMANCE.ROMANSH_SURSILVAN,Indo-European,8.83,46.67
IE.ROMANCE.ROMANSH_VALLADER,Indo-European,9.93,46.55
ST.BODIC.RONDU_BALTI,Sino-Tibetan,76.0,35.0
IE.INDIC.RONDU_SHINA,Indo-European,74.0,36.0
NC.BANTOID.RONGA,Atlantic-Congo,32.5,-26.0
AA.WEST_CHADIC.RON_BOKKOS,Afro-Asiatic,8.75,9.0
AA.WEST_CHADIC.RON_DAFFO_BUTURA,Afro-Asiatic,8.75,9.0
AA.WEST_CHADIC.RON_MANGAR,Afro-Asiatic,8.75,9.0
AA.WEST_CHADIC.RON_MONGUNA,Afro-Asiatic,8.75,9.0
An.OCEANIC.ROTUMAN,Austronesian,177.07,-12.5
An.OCEANIC.ROTUMAN_2,Austronesian,177.07,-12.5
An.OCEANIC.ROVIANA,Austronesian,157.33,-8.25
An.RUKAI.RUKAI,Austronesian,120.8,22.83
Pen.COSTANOAN.RUMSEN,Miwok-Costanoan,-122.0,37.0
TuK.TURAMA_KIKORIAN.RUMU,Turama-Kikori,144.25,-7.17
Mab.MABAN.RUNGA,Maban,21.0,10.33
NC.BANTOID.RUNYANKORE,Atlantic-Congo,30.5,-0.5
NC.BANTOID.RUNYANKORE_RUKIGA,Atlantic-Congo,30.5,-0.5
IE.SLAVIC.RUSSIAN,Indo-European,38.0,56.0
NDa.LEZGIC.RUTUL,Nakh-Daghestanian,47.42,41.5
NC.BANTOID.RUUMBU_KIMWAANSA,Atlantic-Congo,15.33,-3.67
NC.BANTOID.RWANDA,Atlantic-Congo,30.0,-2.0
NC.BANTOID.RWANDA_KIGOYI,Atlantic-Congo,30.0,-2.0
NC.BANTOID.RWANDA_RERA,Atlantic-Congo,30.0,-2.0
NC.BANTOID.RWANDA_TWA_KINIGI,Atlantic-Congo,30.0,-2.0
NC.BANTOID.S41_XHOSA,Atlantic-Congo,27.0,-32.0
WP.NORTH_HALMAHERAN.SABALE,North_Halmahera,127.58,0.5
NDa.AVAR_ANDIC_TSEZIC.SAGADIN_TSEZ,Nakh-Daghestanian,45.92,42.39
WP.NORTH_HALMAHERAN.SAHU,North_Halmahera,127.5,1.17
An.SOUTH_HALMAHERA_WEST_NEW_GUINEA.SAKETA,Austronesian,127.5,0.0
Alt.TURKIC.SAKHA,Turkic,130.0,62.0
Ain.AINU.SAKHALIN_AINU,Ainu,142.37,48.02
An.OCEANIC.SALIBA_PAPUA_NEWGUINEA,Austronesian,150.7,-10.58
Sln.SALINAN.SALINAN,Salinan,-121.0,36.0
NC.ADAMAWA.SAMBA_LEKO,Atlantic-Congo,12.5,8.5
An.BARITO.SAMIHIM,Austronesian,115.08,-2.08
An.OCEANIC.SAMOAN,Austronesian,-171.83,-13.92
An.OCEANIC.SAMOAN_2,Austronesian,-171.83,-13.92
Sad.SANDAWE.SANDAWE,Sandawe,35.0,-5.0
NC.UBANGI.SANGO,Atlantic-Congo,18.0,5.0
NC.BANTOID.SANGU_1,Atlantic-Congo,11.83,-1.5
Yan.YANOMAM.SANIMA,Yanomamic,-64.67,4.5
AuA.MUNDA.SANTALI,Austroasiatic,87.0,24.5
Ker.KERESAN.SANTA_ANA_KERES,Keresan,-106.67,35.42
Alt.MONGOLIC.SANTA_MONGOLIAN,Mongolic,107.5,31.5
Ker.KERESAN.SANTO_DOMINGO_KERES,Keresan,-106.45,35.52
Yan.YANOMAM.SANUMA,Yanomamic,-64.67,4.5
NDa.LAK_DARGWA.SANZHI_DARGI,Nakh-Daghestanian,47.57,41.98
AA.SEMITIC.SAN_ANDRES_ARABIC_1,Afro-Asiatic,-81.7,12.58
AA.SEMITIC.SAN_ANDRES_ARABIC_2,Afro-Asiatic,-81.7,12.58
AA.SEMITIC.SAN_ANDRES_ARABIC_3,Afro-Asiatic,-81.7,12.58
NDe.ATHAPASKAN.SAN_CARLOS,Athabaskan-Eyak-Tlingit,-110.0,33.75
An.CENTRAL_MALAYO_POLYNESIAN.SAPOLEWA_SOOW_KWELE_ULUI_SERAM,Austronesian,128.33,-3.0
NDe.ATHAPASKAN.SARCEE,Athabaskan-Eyak-Tlingit,-116.0,52.5
IE.ROMANCE.SARDINIAN_CAMPIDANESE,Indo-European,9.04,39.06
IE.INDIC.SATPARA_SHINA,Indo-European,74.0,36.0
IE.INDIC.SAVI,Indo-European,71.5,35.0
SoP.SAVOSAVO.SAVOSAVO,Savosavo,159.8,-9.13
IE.INDIC.SAZIN_SHINA,Indo-European,74.0,36.0
AuA.BAHNARIC.SEDANG,Austroasiatic,108.0,14.83
An.ATAYALIC.SEDIQ,Austronesian,121.42,24.17
Ura.SAMOYEDIC.SELKUP,Uralic,82.0,65.0
NC.KRU.SEME,Siamou,-4.92,11.0
AuA.ASLIAN.SEMELAI,Austroasiatic,103.0,3.0
An.OCEANIC.SENGGA_BABATANA,Austronesian,157.5,-7.33
NC.GUR.SENOUFO_SUPYIRE,Atlantic-Congo,-5.58,11.5
Snt.SENTANI.SENTANI,Sentanic,140.58,-2.58
Hok.SERI.SERI,Seri,-112.0,29.0
Gum.GUMUZ.SESE,Gumuz,35.5,12.5
Sha.SHABO.SHABO,Shabo,35.42,7.58
Pan.PANOAN.SHARANAHUA,Pano-Tacanan,-70.0,-11.0
ESu.DAJU.SHATT,Dajuic,30.0,10.38
AA.NORTH_OMOTIC.SHE,Ta-Ne-Omotic,35.8,7.07
ST.BODIC.SHERPA,Sino-Tibetan,86.83,27.75
ST.BODIC.SHIGAR_BALTI,Sino-Tibetan,76.0,35.0
ESu.NILOTIC.SHILLUK,Nilotic,31.75,9.67
ESu.NILOTIC.SHILLUK_2,Nilotic,31.75,9.67
IE.IRANIAN.SHIMSAL_WAKHI,Indo-European,72.0,36.5
IE.INDIC.SHINA_2,Indo-European,74.0,36.0
IE.INDIC.SHINA_GURESI,Indo-European,74.0,36.0
IE.INDIC.SHINA_KOHISTANI,Indo-European,74.0,36.0
Pan.PANOAN.SHIPIBO,Pano-Tacanan,-75.0,-7.5
Yan.YANOMAM.SHIRISHANA,Yanomamic,-62.83,3.5
ST.BAI.SHI_BAI,Sino-Tibetan,99.38,25.88
NC.BANTOID.SHONA,Atlantic-Congo,31.0,-18.0
NC.BANTOID.SHONA_2,Atlantic-Congo,31.0,-18.0
NC.BANTOID.SHONA_KARANGA,Atlantic-Congo,31.0,-18.0
Jiv.JIVAROAN.SHUAR,Chicham,-78.0,-2.5
Sal.INTERIOR_SALISH.SHUSWAP,Salishan,-120.0,52.0
TK.KAM_TAI.SIAMESE,Tai-Kadai,101.0,16.0
TK.KAM_TAI.SIAMESE_2,Tai-Kadai,101.0,16.0
TNG.EASTERN_HIGHLANDS.SIANE,Nuclear_Trans_New_Guinea,145.2,-6.08
An.OCEANIC.SIAR,Austronesian,152.92,-4.67
AA.HIGHLAND_EAST_CUSHITIC.SIDAMO,Afro-Asiatic,38.3,6.75
AA.HIGHLAND_EAST_CUSHITIC.SIDAMO_2,Afro-Asiatic,38.3,6.75
An.OCEANIC.SIE,Austronesian,169.03,-18.82
ST.BODIC.SIKKIMESE,Sino-Tibetan,88.5,27.83
An.NORTHWEST_SUMATRA_BARRIER_ISLANDS.SIMALUR,Austronesian,96.25,2.5
TNG.CHIMBU.SINASINA,Nuclear_Trans_New_Guinea,145.0,-6.08
An.OCEANIC.SINAUGORO,Austronesian,147.83,-9.83
An.OCEANIC.SIO,Austronesian,147.33,-5.95
Tuc.TUCANOAN.SIONA,Tucanoan,-76.25,0.33
May.MAYAN.SIPAKAPENSE,Mayan,-91.56,15.2
Tup.TUPI_GUARANI.SIRIONO,Tupian,-64.0,-15.58
An.OCEANIC.SISIQA,Austronesian,156.83,-7.0
OC.SIUSLAWAN.SIUSLAW,Siuslaw,-124.0,44.0
ST.BODIC.SKARDU_BALTI,Sino-Tibetan,76.0,35.0
An.ATAYALIC.SKIKUN_ATAYAL,Austronesian,121.33,24.5
Sko.WESTERN_SKOU.SKOU,Sko,140.92,-2.67
IE.SLAVIC.SLOVENIAN,Indo-European,15.0,46.0
An.OCEANIC.SOBEI,Austronesian,138.8,-1.92
Alt.TUNGUSIC.SOLON,Tungusic,119.75,49.14
An.SOUTH_HALMAHERA_WEST_NEW_GUINEA.SOMA,Austronesian,127.5,0.0
AA.LOWLAND_EAST_CUSHITIC.SOMALI,Afro-Asiatic,45.0,3.0
AA.LOWLAND_EAST_CUSHITIC.SOMALI_2,Afro-Asiatic,45.0,3.0
An.OCEANIC.SONSOROLESE,Austronesian,132.33,5.3
An.SOUTH_SULAWESI.SOPPENG_BUGINESE,Austronesian,119.88,-4.35
NC.BANTOID.SOTHO_SOUTHERN,Atlantic-Congo,27.0,-28.0
NC.BANTOID.SOTHO_SUD,Atlantic-Congo,27.0,-28.0
EBH.EAST_BIRDS_HEAD.SOUGB,East_Bird_s_Head,134.0,-1.5
AA.SEMITIC.SOUKHNE_SYRIAN_ARABIC,Afro-Asiatic,44.0,33.0
Hok.POMOAN.SOUTHEASTERN_POMO,Pomoan,-122.5,39.0
PN.CENTRAL_PAMA_NYUNGAN.SOUTHERN_ARANDA,Pama-Nyungan,132.5,-24.0
May.MAYAN.SOUTHERN_CAKCHIQUEL_SAN_ANDRES_ITZAPA,Mayan,-90.84,14.62
TK.KAM_TAI.SOUTHERN_DONG,Tai-Kadai,109.67,26.17
May.MAYAN.SOUTHERN_MAM_SAN_JUAN_OSTUNCALCO,Mayan,-91.83,15.42
UA.NUMIC.SOUTHERN_PAIUTE,Uto-Aztecan,-113.33,37.83
An.OCEANIC.SOUTH_EFATE_ERAKOR,Austronesian,168.25,-17.67
An.OCEANIC.SOUTH_EFATE_ERATAP,Austronesian,168.36,-17.77
An.OCEANIC.SOUTH_EFATE_PANGO,Austronesian,168.18,-17.72
An.OCEANIC.SOUTH_ISLAND_MAORI,Austronesian,173.0,-43.0
An.OCEANIC.SOUTH_MALO,Austronesian,167.22,-15.74
IE.ROMANCE.SPANISH,Indo-European,-4.0,40.0
Sal.CENTRAL_SALISH.SQUAMISH,Salishan,-123.17,49.67
An.ATAYALIC.SQULIQ_ATAYAL,Austronesian,121.33,24.5
AuA.BAHNARIC.SRE,Austroasiatic,108.0,11.5
AA.SEMITIC.STANDARD_ARABIC,Afro-Asiatic,42.0,25.0
IE.GERMANIC.STANDARD_GERMAN,Indo-European,10.0,52.0
An.PAIWAN.STIMUL_PAIWAN,Austronesian,120.83,22.5
Sal.CENTRAL_SALISH.STOLO,Salishan,-122.5,49.25
Mar.SOUTH_BIRDS_HEAD.SUABO,Inanwatan,132.08,-2.08
An.OCEANIC.SUDEST,Austronesian,153.45,-11.5
TNG.BINANDEREAN.SUENA,Nuclear_Trans_New_Guinea,147.55,-7.75
An.LAMPUNGIC.SUKAU_LAMPUNG_API,Austronesian,105.0,-5.0
Slk.SULKA.SULKA,Sulka,151.92,-5.08
Aym.AYMARAN.SULLKATITI_TITIRI,Aymaran,-69.0,-17.0
Sko.WARAPU.SUMO,Sko,142.0,-3.17
An.MALAYO_SUMBAWAN.SUNDANESE,Austronesian,107.0,-7.0
An.LAMPUNGIC.SUNGKAI_LAMPUNG_API,Austronesian,105.0,-5.0
ESu.SURMIC.SURI_CHAI,Surmic,35.33,5.33
TNG.MADANG.SUROI,Nuclear_Trans_New_Guinea,146.0,-5.5
NC.BANTOID.SWAHILI,Atlantic-Congo,39.0,-6.5
NC.BANTOID.SWAHILI_2,Atlantic-Congo,39.0,-6.5
NC.BANTOID.SWAHILI_CHIRAZI,Atlantic-Congo,39.43,-4.02
NC.BANTOID.SWAHILI_MAKUNDUCHI,Atlantic-Congo,39.75,-7.87
NC.BANTOID.SWAHILI_MVITA,Atlantic-Congo,39.53,-3.93
NC.BANTOID.SWAHILI_PATE,Atlantic-Congo,41.1,-2.07
NC.BANTOID.SWAHILI_PEMBA,Atlantic-Congo,39.52,-5.17
NC.BANTOID.SWAHILI_SUD,Atlantic-Congo,39.0,-6.5
NC.BANTOID.SWAHILI_TIKUU,Atlantic-Congo,41.18,-1.87
NC.BANTOID.SWAHILI_VUMBA,Atlantic-Congo,39.27,-4.53
IE.GERMANIC.SWEDISH,Indo-European,15.0,60.0
AA.SEMITIC.SYRIAN_ARABIC,Afro-Asiatic,38.0,34.0
NC.BANTOID.TAABWA_RDC_1,Atlantic-Congo,29.5,-8.0
NC.BANTOID.TAABWA_RDC_2,Atlantic-Congo,29.5,-8.0
NC.BANTOID.TAABWA_ZAMBIE,Atlantic-Congo,29.5,-8.0
Snt.SENTANI.TABLA,Sentanic,140.42,-2.45
Snt.SENTANI.TABLA_C,Sentanic,140.42,-2.45
Snt.SENTANI.TABLA_UNKNOWN_DIAL,Sentanic,140.42,-2.45
Snt.SENTANI.TABLA_W,Sentanic,140.42,-2.45
Tac.TACANAN.TACANA,Pano-Tacanan,-68.0,-13.5
Alt.MONGOLIC.TACHENG_DAGUR,Mongolic,124.0,48.0
WP.NORTH_HALMAHERAN.TAFASOHO,North_Halmahera,127.58,0.5
An.BILIC.TAGABILI,Austronesian,124.5,6.17
An.GREATER_CENTRAL_PHILIPPINE.TAGALOG,Austronesian,121.0,15.0
WP.NORTH_HALMAHERAN.TAGONO,North_Halmahera,127.58,0.5
An.SOUTH_HALMAHERA_WEST_NEW_GUINEA.TAHANE,Austronesian,127.5,0.0
An.OCEANIC.TAHITIAN,Austronesian,-149.58,-17.67
An.OCEANIC.TAHITIAN_2,Austronesian,-149.58,-17.67
NC.PLATOID.TAHOSS,Atlantic-Congo,8.83,9.67
TK.KAM_TAI.TAI,Tai-Kadai,101.0,16.0
An.OCEANIC.TAIOF,Austronesian,154.63,-5.53
HM.HMONG_MIEN.TAIPAN_MIEN,Hmong-Mien,105.26,23.04
TK.KAM_TAI.TAI_NONG_KHAI,Tai-Kadai,103.0,18.0
TK.KAM_TAI.TAI_WESTERN_NUNG,Tai-Kadai,106.42,21.92
IE.IRANIAN.TAJIK,Indo-European,70.0,38.4
Jap.JAPANESE.TAKARAJIMA_JAPANESE,Japonic,129.2,29.13
Tak.TAKELMA.TAKELMA,Takelma,-123.0,42.5
An.OCEANIC.TAKIA,Austronesian,146.0,-4.67
An.LAMPUNGIC.TALANG_PADANG_LAMPUNG_API,Austronesian,105.0,-5.0
WP.NORTH_HALMAHERAN.TALAPAO,North_Halmahera,127.58,0.5
IE.IRANIAN.TALYSH,Indo-European,48.67,38.75
AA.BERBER.TAMAHAQ_TAHAGGART,Afro-Asiatic,6.0,23.0
AA.BERBER.TAMAHAQ_TAHAGGART_2,Afro-Asiatic,6.0,23.0
AA.BERBER.TAMASHEQ,Afro-Asiatic,-0.25,14.05
AA.BERBER.TAMAZIGHT_CENTRAL_ATLAS_AYT_IZDEG,Afro-Asiatic,-4.4,33.2
AA.BERBER.TAMAZIGHT_CENTRAL_ATLAS_AYT_NDHIR,Afro-Asiatic,-4.4,33.2
AA.BERBER.TAMAZIGHT_CENTRAL_ATLAS_NTIFA,Afro-Asiatic,-4.4,33.2
Dra.SOUTHERN_DRAVIDIAN.TAMIL,Dravidian,78.5,11.0
NDe.ATHAPASKAN.TANACROSS,Athabaskan-Eyak-Tlingit,-143.5,63.5
An.RUKAI.TANAN_RUKAI,Austronesian,120.8,22.83
IE.INDIC.TANGIR_SHINA,Indo-European,74.0,36.0
TNG.DANI.TANGMA_DANI,Nuclear_Trans_New_Guinea,138.42,-4.42
Tuc.TUCANOAN.TANIMUCA,Tucanoan,-70.67,-0.5
Tuc.TUCANOAN.TANIMUCA_RETUARA,Tucanoan,-70.67,-0.5
Tup.TUPI_GUARANI.TAPIETE,Tupian,-61.67,-19.75
ST.DIGAROAN.TARAON,Sino-Tibetan,96.0,28.42
Tar.TARASCAN.TARASCAN,Tarascan,-101.67,19.5
Arw.INLAND_NORTHERN_ARAWAKAN.TARIANA,Arawakan,-69.17,1.0
Arw.INLAND_NORTHERN_ARAWAKAN.TARIANO,Arawakan,-69.17,1.0
AA.BERBER.TARIFIT_BENI_IZNASSEN,Afro-Asiatic,-4.0,34.05
AA.BERBER.TARIFIT_GUELAIA,Afro-Asiatic,-4.0,34.5
An.NORTH_BORNEO.TATANA,Austronesian,115.5,5.5
Alt.TURKIC.TATAR,Turkic,49.5,56.0
An.GREATER_CENTRAL_PHILIPPINE.TAUSUG,Austronesian,121.0,6.0
TNG.MADANG.TAUYA,Nuclear_Trans_New_Guinea,145.33,-5.75
An.OCEANIC.TAWALA,Austronesian,150.67,-10.33
An.BILIC.TBOLI_TAGABILI,Austronesian,124.5,6.5
An.OCEANIC.TEANU,Austronesian,166.8,-11.63
NC.BANTOID.TEE_TEKE_KALE,Atlantic-Congo,15.33,-3.67
NC.BANTOID.TEKE_BOUNDJI,Atlantic-Congo,15.33,-3.67
NC.BANTOID.TEKE_KOMONO,Atlantic-Congo,15.33,-3.67
TNG.OK.TELEFOL,Nuclear_Trans_New_Guinea,141.75,-5.0
Dra.SOUTH_CENTRAL_DRAVIDIAN.TELUGU,Dravidian,79.0,16.0
Dra.SOUTH_CENTRAL_DRAVIDIAN.TELUGU_2,Dravidian,79.0,16.0
ESu.TEMEIN.TEMEIN,Temeinic,29.42,11.92
AuA.ASLIAN.TEMIAR,Austroasiatic,101.5,5.0
Man.WESTERN_MANDE.TENENGAKAN,Mande,-7.47,8.37
ESu.SURMIC.TENNET,Surmic,32.5,4.42
OM.SUBTIABA_TLAPANEC.TEOCUITLAPA_MEPHAA,Otomanguean,-98.93,17.35
An.OCEANIC.TEOP,Austronesian,155.0,-5.67
Tot.TOTONACAN.TEPEHUA_HUEHUETLA,Totonacan,-98.17,20.83
Tot.TOTONACAN.TEPEHUA_TLACHICHILCO,Totonacan,-98.2,20.63
ESu.KULIAK.TEPES,Kuliak,34.75,2.58
AA.BIU_MANDARA.TERA,Afro-Asiatic,11.83,11.0
AA.BIU_MANDARA.TERA_PIDLIMDI,Afro-Asiatic,12.0,11.1
Chi.TALAMANCA.TERIBE,Chibchan,-82.67,9.33
ESu.NILOTIC.TESO,Nilotic,33.8,1.83
NC.BANTOID.TETELA,Atlantic-Congo,24.0,-4.0
NC.BANTOID.TETELA_YYONDO,Atlantic-Congo,24.0,-4.0
UA.AZTECAN.TETELCINGO_NAHUATL,Uto-Aztecan,-99.0,19.67
An.CENTRAL_MALAYO_POLYNESIAN.TETUN,Austronesian,126.0,-9.0
TK.KAM_TAI.THAI,Tai-Kadai,101.0,16.0
TK.KAM_TAI.THAI_2,Tai-Kadai,101.0,16.0
TK.KAM_TAI.THAI_3,Tai-Kadai,101.0,16.0
ST.BODIC.THAKALI,Sino-Tibetan,83.75,29.0
ST.MAHAKIRANTI.THANGMI,Sino-Tibetan,86.0,27.75
PN.NORTHERN_PAMA_NYUNGAN.THAYORE,Pama-Nyungan,141.5,-14.35
NC.BANTOID.THEMBU,Atlantic-Congo,27.0,-32.0
NC.MEL.THEMNE,Atlantic-Congo,-13.08,8.67
Sal.INTERIOR_SALISH.THOMPSON,Salishan,-121.75,49.75
ST.MAHAKIRANTI.THULUNG,Sino-Tibetan,86.5,27.42
ST.BODIC.TIBETAN_CENTRAL,Sino-Tibetan,91.0,30.0
ST.BODIC.TIBETAN_LHASA,Sino-Tibetan,91.0,30.0
ST.BODIC.TIBETAN_WRITTEN,Sino-Tibetan,91.0,30.0
WP.NORTH_HALMAHERAN.TIDORE,North_Halmahera,127.5,0.75
TAP.GREATER_ALOR.TIFOL_AFENG_ABUI,Timor-Alor-Pantar,124.58,-8.25
An.OCEANIC.TIGAK,Austronesian,150.8,-2.72
AA.SEMITIC.TIGRE,Afro-Asiatic,38.5,16.5
AA.SEMITIC.TIGRE_2,Afro-Asiatic,38.5,16.5
NC.BANTOID.TIKUU,Atlantic-Congo,39.0,-6.5
NC.BANTOID.TIKUU_PATE,Atlantic-Congo,39.0,-6.5
An.NORTH_BORNEO.TIMUGON_MURUT,Austronesian,116.1,5.0
ST.BODIC.TINANI,Sino-Tibetan,77.17,32.33
Hok.YUMAN.TIPAI,Cochimi-Yuman,-116.5,32.17
ESu.SURMIC.TIRMA,Surmic,35.25,5.75
Tiw.TIWIAN.TIWI,Tiwi,131.0,-11.5
An.PAIWAN.TJUBAR_PAIWAN,Austronesian,120.83,22.5
NDe.TLINGIT.TLINGIT,Athabaskan-Eyak-Tlingit,-135.0,59.0
Gcu.SOUTH_GUAICURUAN.TOBA,Guaicuruan,-59.0,-26.5
An.OCEANIC.TOBATI,Austronesian,140.67,-2.58
An.NORTHWEST_SUMATRA_BARRIER_ISLANDS.TOBA_BATAK,Austronesian,99.0,2.5
WP.NORTH_HALMAHERAN.TOBELO_2,North_Halmahera,128.5,1.5
An.ATAYALIC.TODA_TAROKO,Austronesian,121.42,24.17
UA.TEPIMAN.TOHONO_OODHAM,Uto-Aztecan,-112.0,32.0
Jap.JAPANESE.TOKYO_JAPANESE,Japonic,140.0,37.0
An.OCEANIC.TOLAI,Austronesian,152.08,-4.25
An.RUKAI.TONA_RUKAI,Austronesian,120.83,22.83
An.MINAHASAN.TONDANO,Austronesian,125.0,1.25
An.OCEANIC.TONGAN,Austronesian,-175.17,-21.17
An.OCEANIC.TONGAN_2,Austronesian,-175.17,-21.17
Ton.TONKAWA.TONKAWA,Tonkawa,-96.75,30.25
IE.INDIC.TORWALI,Indo-European,72.0,34.25
Tor.MARIENBERG.TRING_PNG,Nuclear_Torricelli,143.83,-3.83
OM.MIXTECAN.TRIQUI_COPALA,Otomanguean,-97.92,17.17
An.ATAYALIC.TRUKU_TAROKO,Austronesian,121.42,24.17
Tru.TRUMAI.TRUMAI,Trumai,-53.58,-11.92
NDa.AVAR_ANDIC_TSEZIC.TSEZ,Nakh-Daghestanian,45.75,42.25
ST.BODIC.TSHANGLA,Sino-Tibetan,92.17,27.83
Tuc.TUCANOAN.TUCANO,Tucanoan,-69.17,0.5
Tuc.TUCANOAN.TUCANO_2,Tucanoan,-69.17,0.5
An.CENTRAL_MALAYO_POLYNESIAN.TUGUN,Austronesian,126.8,-7.72
Dra.SOUTHERN_DRAVIDIAN.TULU_INDIA,Dravidian,75.33,12.75
Sko.WESTERN_SKOU.TUMAWO,Sko,140.92,-2.67
NC.BANTOID.TUMBWE,Atlantic-Congo,29.92,-5.17
UA.NUMIC.TUMPISA,Uto-Aztecan,-117.0,37.0
NC.BANTOID.TUNEN,Atlantic-Congo,10.67,4.75
An.OCEANIC.TUNGAK,Austronesian,150.25,-2.55
Tun.TUNICA.TUNICA,Tunica,-91.0,32.67
An.OCEANIC.TUNOE_BABATANA,Austronesian,157.5,-7.33
NC.ADAMAWA.TUPURI,Atlantic-Congo,14.75,10.17
ESu.NILOTIC.TURKANA,Nilotic,35.5,3.0
Alt.TURKIC.TURKISH,Turkic,35.0,39.0
Alt.TURKIC.TURKISH_2,Turkic,35.0,39.0
Alt.TURKIC.TURKMEN,Turkic,58.0,40.0
Alt.TURKIC.TURKMEN_2,Turkic,58.0,40.0
Sio.CORE_SIOUAN.TUTELO,Siouan,-78.75,37.67
An.OCEANIC.TUVALUAN,Austronesian,179.17,-8.5
Alt.TURKIC.TUVAN,Turkic,95.0,52.0
Tuc.TUCANOAN.TUYUCA,Tucanoan,-70.08,0.5
Tuc.TUCANOAN.TUYUCA_2,Tucanoan,-70.08,0.5
NC.KWA.TWI_ASANTE,Atlantic-Congo,-1.58,6.61
NC.KWA.TWI_FANTE,Atlantic-Congo,-1.26,5.2
NC.PLATOID.TYAP,Atlantic-Congo,8.17,9.92
May.MAYAN.TZOTZIL_HUIXTAN,Mayan,-92.5,16.35
May.MAYAN.TZOTZIL_SAN_ANDRES,Mayan,-92.5,16.35
May.MAYAN.TZOTZIL_VENUSTIANO_CARRANZA,Mayan,-92.5,16.35
May.MAYAN.TZUTUJIL_SANTIAGO_ATITLAN,Mayan,-91.23,14.63
May.MAYAN.TZUTUJIL_SAN_JUAN_LA_LAGUNA,Mayan,-91.28,14.7
May.MAYAN.TZUTUJIL_WESTERN,Mayan,-91.33,14.67
NWC.NORTHWEST_CAUCASIAN.UBYKH,Abkhaz-Adyge,39.67,43.67
NDa.LEZGIC.UDI,Nakh-Daghestanian,48.0,41.0
Ura.PERMIC.UDMURT,Uralic,52.5,57.5
Alt.TUNGUSIC.UILTA,Tungusic,143.5,49.5
IE.SLAVIC.UKRAINIAN,Indo-European,33.0,49.0
An.OCEANIC.ULITHIAN,Austronesian,139.58,9.92
TNG.MEK.UNA,Nuclear_Trans_New_Guinea,140.0,-4.67
UA.TEPIMAN.UPPER_PIMA,Uto-Aztecan,-112.0,32.0
TNG.DANI.UPPER_PYRAMID_DANI,Nuclear_Trans_New_Guinea,138.5,-4.33
An.MALAYO_SUMBAWAN.URAK_LAWOI,Austronesian,98.33,8.0
Urr.URARINA.URARINA,Urarina,-75.0,-4.0
Tor.WAPEI_PALEI.URAT_1,Nuclear_Torricelli,142.75,-3.58
Tor.WAPEI_PALEI.URAT_2,Nuclear_Torricelli,142.75,-3.58
IE.INDIC.URDU,Indo-European,67.0,25.0
Tup.TUPI_GUARANI.URUBU_KAAPOR,Tupian,-46.5,-2.33
IE.INDIC.USHU_KHOWAR,Indo-European,72.63,35.5
UA.NUMIC.UTE_1,Uto-Aztecan,-109.0,39.0
UA.NUMIC.UTE_2,Uto-Aztecan,-109.0,39.0
UA.NUMIC.UTE_SOUTHERN_PAIUTE,Uto-Aztecan,-113.33,37.83
Krd.HEIBAN.UTORO,Heibanic,30.5,11.17
Brs.BURUSHASKI.UYUM_NAGAR_BURUSHASKI,Burushaski,74.5,36.5
IE.IRANIAN.VAFSI,Indo-European,49.92,34.67
Man.WESTERN_MANDE.VAI,Mande,-11.25,6.92
NC.BANTOID.VALANGI,Atlantic-Congo,36.0,-4.5
IE.ROMANCE.VALENCIAN,Indo-European,-0.38,39.47
AuA.VIET_MUONG.VIETNAMESE,Austroasiatic,106.5,10.5
AuA.VIET_MUONG.VIETNAMESE_2,Austroasiatic,106.5,10.5
AuA.VIET_MUONG.VIETNAMESE_3,Austroasiatic,106.5,10.5
An.OCEANIC.VINMAVIS,Austronesian,167.39,-16.21
NC.BANTOID.VUMBA,Atlantic-Congo,39.0,-6.5
NC.GUR.WAAMA,Atlantic-Congo,1.67,10.58
An.SOUTH_HALMAHERA_WEST_NEW_GUINEA.WADAPI_LAUT,Austronesian,136.41,-1.87
CSu.MORU_MAADI.WADI,Central_Sudanic,29.75,4.75
AB.ANSON_BAY.WADJIGINY,Anson_Bay,130.17,-13.17
AB.ANSON_BAY.WADYGINY,Anson_Bay,130.17,-13.17
Tor.WAPEI_PALEI.WALMAN,Nuclear_Torricelli,142.5,-3.22
Tor.WAPEI_PALEI.WALMAN_CHINAPELI,Nuclear_Torricelli,142.5,-3.22
TNG.AWJU_DUMUT.WAMBON,Nuclear_Trans_New_Guinea,140.42,-5.5
ST.MAHAKIRANTI.WAMBULE,Sino-Tibetan,86.67,27.33
Man.EASTERN_MANDE.WAN,Mande,-5.8,7.8
IE.IRANIAN.WANA_PASHTO,Indo-European,69.57,32.3
AA.BIU_MANDARA.WANDALA,Afro-Asiatic,13.75,11.5
Tor.MARIENBERG.WANDOMI,Nuclear_Torricelli,143.83,-3.83
PN.SOUTHEASTERN_PAMA_NYUNGAN.WANGAAYBUWAN_NGIYAMBAA,Pama-Nyungan,145.5,-31.75
PN.WESTERN_PAMA_NYUNGAN.WANGKA_WIRU,Pama-Nyungan,130.0,-26.0
TK.KAM_TAI.WANGMO_BOUYEI,Tai-Kadai,106.1,25.18
TNG.MADANG.WANUMA,Nuclear_Trans_New_Guinea,145.17,-4.83
Man.EASTERN_MANDE.WAN_2,Mande,-5.8,7.8
Wao.WAORANI.WAORANI,Waorani,-76.5,-1.0
WY.WAPPO.WAPPO,Yuki-Wappo,-122.5,38.5
War.WARAO.WARAO,Warao,-61.67,9.33
Arw.INLAND_NORTHERN_ARAWAKAN.WAREKENA,Arawakan,-67.5,1.5
An.SOUTH_HALMAHERA_WEST_NEW_GUINEA.WAREMBORI,Austronesian,137.58,-1.67
Wsh.WASHO.WASHO,Washo,-120.0,39.25
TNG.MADANG.WASKIA,Nuclear_Trans_New_Guinea,146.0,-4.5
Tor.MARIENBERG.WAU,Nuclear_Torricelli,143.83,-3.83
Arw.CARIBBEAN_ARAWAKAN.WAYUU,Arawakan,-72.0,12.0
An.LAMPUNGIC.WAY_KANAN_LAMPUNG_API,Austronesian,105.0,-5.0
An.LAMPUNGIC.WAY_LIMA_LAMPUNG_API,Austronesian,105.0,-5.0
AA.NORTH_OMOTIC.WELAMO,Ta-Ne-Omotic,37.75,6.83
IE.CELTIC.WELSH,Indo-European,-3.0,52.0
IE.INDIC.WELSH_ROMANI,Indo-European,-4.0,52.0
IE.ARMENIAN.WESTERN_ARMENIAN,Indo-European,43.5,38.5
PN.CENTRAL_PAMA_NYUNGAN.WESTERN_ARRERNTE,Pama-Nyungan,132.5,-24.0
ST.BODIC.WESTERN_BALTI,Sino-Tibetan,75.62,35.3
May.MAYAN.WESTERN_CAKCHIQUEL_PATZUN,Mayan,-91.02,14.68
UA.NUMIC.WESTERN_MONO,Uto-Aztecan,-119.0,38.0
EA.ESKIMO.WEST_GREENLANDIC,Eskimo-Aleut,-51.0,64.0
WP.NORTH_HALMAHERAN.WEST_MAKIAN,North_Halmahera,127.58,0.5
Ijo.IJOID.WEST_TARAKIRI,Ijoid,5.67,4.92
Ber.BERTA.WETAWIT,Berta,34.67,10.33
Cad.CADDOAN.WICHITA,Caddoan,-97.33,33.33
Cad.CADDOAN.WICHITA_2,Caddoan,-97.33,33.33
Mat.MATACOAN.WICHI_LHAMTES_GUISNAY,Matacoan,-62.58,-22.5
PN.NORTHERN_PAMA_NYUNGAN.WIK_MUNGKAN,Pama-Nyungan,141.75,-13.92
PN.NORTHERN_PAMA_NYUNGAN.WIRRI,Pama-Nyungan,146.5,-20.5
Alg.WIYOT.WIYOT,Algic,-124.17,40.83
AA.NORTH_OMOTIC.WOLAYTTA,Ta-Ne-Omotic,37.75,6.83
An.OCEANIC.WOLEAIAN,Austronesian,143.8,7.33
An.CELEBIC.WOLIO,Austronesian,122.75,-5.5
NC.NORTHERN_ATLANTIC.WOLOF,Atlantic-Congo,-16.0,15.25
Sko.SERRA_HILLS.WOMO,Sko,141.83,-2.92
Sep.MIDDLE_SEPIK.WOSERA,Ndu,143.0,-3.83
An.SOUTH_HALMAHERA_WEST_NEW_GUINEA.WOSI,Austronesian,127.5,0.0
AA.BIU_MANDARA.WUZLAM,Afro-Asiatic,14.12,10.95
Man.WESTERN_MANDE.XAASONGAXANGO,Mande,-10.05,14.25
NDa.LAK_DARGWA.XAJDAK_DARGI,Nakh-Daghestanian,47.83,42.12
An.OCEANIC.XARACUU,Austronesian,165.83,-21.67
NC.BANTOID.XHOSA,Atlantic-Congo,27.0,-32.0
NC.BANTOID.XHOSA_2,Atlantic-Congo,27.0,-32.0
ST.BURMESE_LOLO.XIANDAO,Sino-Tibetan,100.32,25.35
Tot.TOTONACAN.XICOTEPEC_TOTONAC,Totonacan,-97.83,20.42
ST.BURMESE_LOLO.XIDE,Sino-Tibetan,102.44,28.31
ST.BAI.XISHAN_BAI,Sino-Tibetan,99.93,26.11
Tu.TU.XOON,Tuu,21.5,-24.0
Tu.TU.XOON_MASARWA,Tuu,22.83,-19.35
Tu.TU.XOON_NUEN,Tuu,22.17,-21.68
NC.BANTOID.YABA_MBETI,Atlantic-Congo,14.0,-0.5
An.OCEANIC.YABEM,Austronesian,147.78,-6.58
TNG.EASTERN_HIGHLANDS.YAGARIA,Nuclear_Trans_New_Guinea,145.42,-6.33
PY.PEBA_YAGUAN.YAGUA,Peba-Yagua,-72.0,-3.5
PY.PEBA_YAGUAN.YAGUA_2,Peba-Yagua,-72.0,-3.5
PY.PEBA_YAGUAN.YAGUA_3,Peba-Yagua,-72.0,-3.5
TNG.MEK.YALE_KOSAREK,Nuclear_Trans_New_Guinea,139.67,-4.17
Yan.YANOMAM.YANAM,Yanomamic,-62.83,3.5
Yan.YANOMAM.YANAM_2,Yanomamic,-62.83,3.5
PN.CENTRAL_PAMA_NYUNGAN.YANDRUWANDHA,Pama-Nyungan,140.5,-28.33
ST.BURMESE_LOLO.YANGON_BURMESE,Sino-Tibetan,96.15,16.8
HM.HMONG_MIEN.YAO,Hmong-Mien,111.0,25.0
An.YAPESE.YAPESE,Austronesian,138.17,9.58
UA.CAHITA.YAQUI,Uto-Aztecan,-110.25,27.5
UA.CAHITA.YAQUI_2,Uto-Aztecan,-110.25,27.5
Yrb.YAREBAN.YAREBA,Yareban,148.5,-9.5
An.OCEANIC.YAROS,Austronesian,146.2,-6.3
IE.IRANIAN.YASIN_WAKHI,Indo-European,72.0,36.5
TK.KAM_TAI.YAY,Tai-Kadai,104.75,22.42
TK.KAM_TAI.YAY_2,Tai-Kadai,104.75,22.42
Yel.YELE.YELETNYE,Yeli_Dnye,154.17,-11.37
MUM.MOREHEAD_AND_UPPER_MARO_RIVERS.YEY,Morehead-Wasur,140.92,-7.92
Tor.MARIENBERG.YIBAB,Nuclear_Torricelli,143.83,-3.83
PN.NORTHERN_PAMA_NYUNGAN.YIDINY,Pama-Nyungan,145.75,-17.0
LSR.LOWER_SEPIK.YIMAS,Lower_Sepik-Ramu,143.55,-4.67
LSR.LOWER_SEPIK.YIMAS_2,Lower_Sepik-Ramu,143.55,-4.67
PN.WESTERN_PAMA_NYUNGAN.YINDJIBARNDI,Pama-Nyungan,117.92,-21.75
Pen.YOKUTS.YOKUTS_TINLINNEH,Yokutsan,-119.08,36.08
Pen.YOKUTS.YOKUTS_UNKNOWN,Yokutsan,-119.08,36.08
TNG.OK.YONGGOM,Nuclear_Trans_New_Guinea,140.92,-5.75
NC.DEFOID.YORUBA,Atlantic-Congo,4.33,8.0
OM.MIXTECAN.YOSONDUA_MIXTEC,Otomanguean,-97.58,16.92
HM.HMONG_MIEN.YOUNUO_BUNU,Hmong-Mien,110.3,26.0
Yuc.YUCHI.YUCHI,Yuchi,-86.75,35.75
Arw.INLAND_NORTHERN_ARAWAKAN.YUCUNA,Arawakan,-71.0,-0.75
Arw.INLAND_NORTHERN_ARAWAKAN.YUCUNA_2,Arawakan,-71.0,-0.75
Yka.YUKAGHIR.YUKAGHIR_TUNDRA,Yukaghir,155.0,69.0
CSu.BONGO_BAGIRMI.YULU,Central_Sudanic,25.25,8.5
ST.BAI.YUNLONG_BAI,Sino-Tibetan,99.37,25.89
Alg.YUROK.YUROK,Algic,-124.0,41.33
OM.ZAPOTECAN.ZAPOTEC_MITLA,Otomanguean,-96.25,16.8
OM.ZAPOTECAN.ZAPOTEC_YATZACHI,Otomanguean,-96.21,17.21
OM.ZAPOTECAN.ZAPOTEC_ZOOGOCHO,Otomanguean,-96.25,17.25
Son.SONGHAY.ZARMA,Songhay,2.17,13.83
AA.NORTH_OMOTIC.ZAYSE,Ta-Ne-Omotic,37.33,5.92
IE.IRANIAN.ZAZAKI,Indo-European,41.0,39.0
AA.NORTH_OMOTIC.ZERGULLA,Ta-Ne-Omotic,37.3,5.9
NC.BANTOID.ZIBA,Atlantic-Congo,31.5,-2.0
May.MAYAN.ZINACANTAN_TZOTZIL,Mayan,-92.5,16.35
NC.BANTOID.ZOOMBO_1,Atlantic-Congo,15.0,-5.0
NC.BANTOID.ZOOMBO_2,Atlantic-Congo,15.0,-5.0
NC.BANTOID.ZOOMBO_3,Atlantic-Congo,15.0,-5.0
NC.BANTOID.ZOOMBO_4,Atlantic-Congo,15.0,-5.0
NC.BANTOID.ZULU,Atlantic-Congo,30.0,-30.0
NC.BANTOID.ZULU_2,Atlantic-Congo,30.0,-30.0
NC.BANTOID.ZULU_NKANDLA,Atlantic-Congo,30.0,-30.0
Zun.ZUNI.ZUNI,Zuni,-108.83,35.08
